[Header],,,,,,,,,,,,,,,,,,,,,,,,,,,,,,,,,,,,,,,,,,,,
Investigator Name,pav,,,,,,,,,,,,,,,,,,,,,,,,,,,,,,,,,,,,,,,,,,,
Project Name,1000Genomes-A1-YRI,,,,,,,,,,,,,,,,,,,,,,,,,,,,,,,,,,,,,,,,,,,
Experiment Name,1234,,,,,,,,,,,,,,,,,,,,,,,,,,,,,,,,,,,,,,,,,,,
Date,2008-08-17T13:18:30,,,,,,,,,,,,,,,,,,,,,,,,,,,,,,,,,,,,,,,,,,,
Workflow,LibraryQC,,,,,,,,,,,,,,,,,,,,,,,,,,,,,,,,,,,,,,,,,,,
Chemistry,Default,,,,,,,,,,,,,,,,,,,,,,,,,,,,,,,,,,,,,,,,,,,
,,,,,,,,,,,,,,,,,,,,,,,,,,,,,,,,,,,,,,,,,,,,
[Reads],,,,,,,,,,,,,,,,,,,,,,,,,,,,,,,,,,,,,,,,,,,,
37,,,,,,,,,,,,,,,,,,,,,,,,,,,,,,,,,,,,,,,,,,,,
37,,,,,,,,,,,,,,,,,,,,,,,,,,,,,,,,,,,,,,,,,,,,
[Settings],,,,,,,,,,,,,,,,,,,,,,,,,,,,,,,,,,,,,,,,,,,,
,,,,,,,,,,,,,,,,,,,,,,,,,,,,,,,,,,,,,,,,,,,,
[Manifests],,,,,,,,,,,,,,,,,,,,,,,,,,,,,,,,,,,,,,,,,,,,
,,,,,,,,,,,,,,,,,,,,,,,,,,,,,,,,,,,,,,,,,,,,
[Data],,,,,,,,,,,,,,,,,,,,,,,,,,,,,,,,,,,,,,,,,,,,
Index,Lane,Sample_ID,Sample_Name,GenomeFolder,bait_name,default_library_type,default_tag_sequence,email_addresses,email_addresses_of_followers,email_addresses_of_managers,email_addresses_of_owners,is_control,is_pool,lane_id,lane_priority,library_name,organism,organism_taxon_id,project_cost_code,project_id,project_name,qc_state,request_id,required_insert_size_range,sample_accession_number,sample_common_name,sample_consent_withdrawn,sample_description,sample_id,sample_name,sample_public_name,sample_reference_genome,spiked_phix_tag_index,study_accession_number,study_alignments_in_bam,study_contains_nonconsented_human,study_contains_nonconsented_xahuman,study_description,study_id,study_name,study_reference_genome,study_separate_y_chromosome_data,study_title,tag_index,
,1,51021,SRS000147,C:\Illumina\MiSeq Reporter\Genomes\WTSI_references\Homo_sapiens\1000Genomes\all\fasta\,,,,jws@sanger.ac.uk rd@sanger.ac.uk thomas.keane@sanger.ac.uk,jws@sanger.ac.uk thomas.keane@sanger.ac.uk,jws@sanger.ac.uk,rd@sanger.ac.uk,0,0,66206,0,NA18907-YRI-1,human,9606,S0706,185,1000Genomes-A1-YRI,pending,2409,from:150 to:200,SRS000147,Homo sapiens,,,766,NA18907-YRI-1,NA18907,,,SRP000031,1,0,0,1000Genomes Project Pilot 1,185,1000Genomes-A1-YRI,,,1000Genomes Project Pilot 1,,
,2,51021,SRS000147,C:\Illumina\MiSeq Reporter\Genomes\WTSI_references\Homo_sapiens\1000Genomes\all\fasta\,,,,jws@sanger.ac.uk rd@sanger.ac.uk thomas.keane@sanger.ac.uk,jws@sanger.ac.uk thomas.keane@sanger.ac.uk,jws@sanger.ac.uk,rd@sanger.ac.uk,0,0,66207,0,NA18907-YRI-1,human,9606,S0706,185,1000Genomes-A1-YRI,pending,2410,from:150 to:200,SRS000147,Homo sapiens,,,766,NA18907-YRI-1,NA18907,,,SRP000031,1,0,0,1000Genomes Project Pilot 1,185,1000Genomes-A1-YRI,,,1000Genomes Project Pilot 1,,
,3,51021,SRS000147,C:\Illumina\MiSeq Reporter\Genomes\WTSI_references\Homo_sapiens\1000Genomes\all\fasta\,,,,jws@sanger.ac.uk rd@sanger.ac.uk thomas.keane@sanger.ac.uk,jws@sanger.ac.uk thomas.keane@sanger.ac.uk,jws@sanger.ac.uk,rd@sanger.ac.uk,0,0,66208,0,NA18907-YRI-1,human,9606,S0706,185,1000Genomes-A1-YRI,pending,2411,from:150 to:200,SRS000147,Homo sapiens,,,766,NA18907-YRI-1,NA18907,,,SRP000031,1,0,0,1000Genomes Project Pilot 1,185,1000Genomes-A1-YRI,,,1000Genomes Project Pilot 1,,
,4,79570,phiX_SI_SPRI,C:\Illumina\MiSeq Reporter\Genomes\WTSI_references\PhiX\Sanger-SNPs\all\fasta\,,,,,,,,1,0,80723,0,phiX_SI_SPRI,,,,,,,41944,,,,,,9829,phiX_SI_SPRI,,,,,,0,0,,,,,,,,
,5,51021,SRS000147,C:\Illumina\MiSeq Reporter\Genomes\WTSI_references\Homo_sapiens\1000Genomes\all\fasta\,,,,jws@sanger.ac.uk rd@sanger.ac.uk thomas.keane@sanger.ac.uk,jws@sanger.ac.uk thomas.keane@sanger.ac.uk,jws@sanger.ac.uk,rd@sanger.ac.uk,0,0,66209,0,NA18907-YRI-1,human,9606,S0706,185,1000Genomes-A1-YRI,pending,2412,from:150 to:200,SRS000147,Homo sapiens,,,766,NA18907-YRI-1,NA18907,,,SRP000031,1,0,0,1000Genomes Project Pilot 1,185,1000Genomes-A1-YRI,,,1000Genomes Project Pilot 1,,
,6,51021,SRS000147,C:\Illumina\MiSeq Reporter\Genomes\WTSI_references\Homo_sapiens\1000Genomes\all\fasta\,,,,jws@sanger.ac.uk rd@sanger.ac.uk thomas.keane@sanger.ac.uk,jws@sanger.ac.uk thomas.keane@sanger.ac.uk,jws@sanger.ac.uk,rd@sanger.ac.uk,0,0,66210,0,NA18907-YRI-1,human,9606,S0706,185,1000Genomes-A1-YRI,pending,2413,from:150 to:200,SRS000147,Homo sapiens,,,766,NA18907-YRI-1,NA18907,,,SRP000031,1,0,0,1000Genomes Project Pilot 1,185,1000Genomes-A1-YRI,,,1000Genomes Project Pilot 1,,
,7,51021,SRS000147,C:\Illumina\MiSeq Reporter\Genomes\WTSI_references\Homo_sapiens\1000Genomes\all\fasta\,,,,jws@sanger.ac.uk rd@sanger.ac.uk thomas.keane@sanger.ac.uk,jws@sanger.ac.uk thomas.keane@sanger.ac.uk,jws@sanger.ac.uk,rd@sanger.ac.uk,0,0,66211,0,NA18907-YRI-1,human,9606,S0706,185,1000Genomes-A1-YRI,pending,2414,from:150 to:200,SRS000147,Homo sapiens,,,766,NA18907-YRI-1,NA18907,,,SRP000031,1,0,0,1000Genomes Project Pilot 1,185,1000Genomes-A1-YRI,,,1000Genomes Project Pilot 1,,
ATCAACCG,8,51021,SRS000147,C:\Illumina\MiSeq Reporter\Genomes\WTSI_references\Homo_sapiens\1000Genomes\all\fasta\,,,ATCAACCG,jws@sanger.ac.uk rd@sanger.ac.uk thomas.keane@sanger.ac.uk,jws@sanger.ac.uk thomas.keane@sanger.ac.uk,jws@sanger.ac.uk,rd@sanger.ac.uk,0,1,66212,0,NA18907-YRI-1,human,9606,S0706,185,1000Genomes-A1-YRI,pending,2415,from:150 to:200,SRS000147,Homo sapiens,,,766,NA18907-YRI-1,NA18907,,,SRP000031,1,0,0,1000Genomes Project Pilot 1,185,1000Genomes-A1-YRI,,,1000Genomes Project Pilot 1,154,
TAGTTGGC,8,51022,SRS000148,C:\Illumina\MiSeq Reporter\Genomes\WTSI_references\Homo_sapiens\1000Genomes\all\fasta\,,,TAGTTGGC,jws@sanger.ac.uk rd@sanger.ac.uk thomas.keane@sanger.ac.uk,jws@sanger.ac.uk thomas.keane@sanger.ac.uk,jws@sanger.ac.uk,rd@sanger.ac.uk,0,1,66212,0,NA18908-YRI-1,human,9606,S0706,185,1000Genomes-A1-YRI,pending,2415,from:150 to:200,SRS000148,Homo sapiens,,,767,NA18908-YRI-1,NA18908,,,SRP000031,1,0,0,1000Genomes Project Pilot 1,185,1000Genomes-A1-YRI,,,1000Genomes Project Pilot 1,155,

