[Data],,,,,,,,,,,,,,,,,,,,,,,,,,,,,,,,,,,,,,,,,,,,,,,,,,,,,
Lane,Sample_ID,Sample_Name,GenomeFolder,Index,Index2,bait_name,default_library_type,default_tag_sequence,default_tagtwo_sequence,email_addresses,email_addresses_of_followers,email_addresses_of_managers,email_addresses_of_owners,gbs_plex_name,is_control,is_pool,lane_id,lane_priority,library_name,organism,organism_taxon_id,project_cost_code,project_id,project_name,purpose,qc_state,request_id,required_insert_size_range,sample_accession_number,sample_cohort,sample_common_name,sample_consent_withdrawn,sample_control_type,sample_description,sample_donor_id,sample_id,sample_is_control,sample_name,sample_public_name,sample_reference_genome,sample_supplier_name,spiked_phix_tag_index,study_accession_number,study_alignments_in_bam,study_contains_nonconsented_human,study_contains_nonconsented_xahuman,study_description,study_id,study_name,study_reference_genome,study_separate_y_chromosome_data,study_title,tag_index,
1,28479597,RefStds_PCR8021331,,GTTCAAAG,TGCATAAA,,Standard,GTTCAAAG,TGCATAAA,user1@some.com user2@some.com,,user2@some.com,user1@some.com,,0,0,,,,,9606,S0910,3780,SeqOps Novaseq X Validation,standard,,,from:450 to:450,,,Homo sapiens,,,,,4159160,,RefStds_PCR8021331,,Homo_sapiens (GRCh38_full_analysis_set_plus_decoy_hla),,888,,1,0,0,Samples are being submitted to test the new NovaSeq X,7309,SeqOps Novaseq X Validation,Homo_sapiens (GRCh38_15_plus_hs38d1) %5Bminimap2%5D,,SeqOps Novaseq X Validation,1,
1,28479657,RefStds_PCR8021365,,GTCGCGAC,ACACCTTA,,Standard,GTCGCGAC,ACACCTTA,user1@some.com user2@some.com,,user2@some.com,user1@some.com,,0,0,,,,,257313,S0910,3780,SeqOps Novaseq X Validation,standard,,,from:450 to:450,,,Bordetella pertussis,,,,,4159165,,RefStds_PCR8021365,,Bordetella_pertussis (Tohama_I),,888,,1,0,0,Samples are being submitted to test the new NovaSeq X,7309,SeqOps Novaseq X Validation,Homo_sapiens (GRCh38_15_plus_hs38d1) %5Bminimap2%5D,,SeqOps Novaseq X Validation,6,
1,28479586,RefStds_PCR8021381,,CCAGGTCG,TCACTGGA,,Standard,CCAGGTCG,TCACTGGA,user1@some.com user2@some.com,,user2@some.com,user1@some.com,,0,0,,,,,511145,S0910,3780,SeqOps Novaseq X Validation,standard,,,from:450 to:450,,,Escherichia coli,,,,,4159167,,RefStds_PCR8021381,,Escherichia_coli (K12),,888,,1,0,0,Samples are being submitted to test the new NovaSeq X,7309,SeqOps Novaseq X Validation,Homo_sapiens (GRCh38_15_plus_hs38d1) %5Bminimap2%5D,,SeqOps Novaseq X Validation,8,
1,28479610,RefStds_PCR8021397,,AAGGCCGC,TTTAGACA,,Standard,AAGGCCGC,TTTAGACA,user1@some.com user2@some.com,,user2@some.com,user1@some.com,,0,0,,,,,272563,S0910,3780,SeqOps Novaseq X Validation,standard,,,from:450 to:450,,,Clostridioides difficile,,,,,4159169,,RefStds_PCR8021397,,Clostridium_difficile (Strain_630),,888,,1,0,0,Samples are being submitted to test the new NovaSeq X,7309,SeqOps Novaseq X Validation,Homo_sapiens (GRCh38_15_plus_hs38d1) %5Bminimap2%5D,,SeqOps Novaseq X Validation,10,
1,51702674,phiX_for_spiked_buffers,,TGTGCAGC,ACTGATGT,,,TGTGCAGC,ACTGATGT,,,,,,1,0,,,PhiX UDI 20211019 %2312,,10847,,,,standard,,,,,,,,,,,1255141,,phiX_for_spiked_buffers,,PhiX (Sanger-SNPs),,888,,1,0,0,None,198,Illumina Controls,,,,888,
2,28479597,RefStds_PCR8021331,,GTTCAAAG,TGCATAAA,,Standard,GTTCAAAG,TGCATAAA,user1@some.com user2@some.com,,user2@some.com,user1@some.com,,0,0,,,,,9606,S0910,3780,SeqOps Novaseq X Validation,standard,,,from:450 to:450,,,Homo sapiens,,,,,4159160,,RefStds_PCR8021331,,Homo_sapiens (GRCh38_full_analysis_set_plus_decoy_hla),,888,,1,0,0,Samples are being submitted to test the new NovaSeq X,7309,SeqOps Novaseq X Validation,Homo_sapiens (GRCh38_15_plus_hs38d1) %5Bminimap2%5D,,SeqOps Novaseq X Validation,1,
2,28479609,RefStds_PCR8021333,,TTAACTTA,GTCATCCT,,Standard,TTAACTTA,GTCATCCT,user1@some.com user2@some.com,,user2@some.com,user1@some.com,,0,0,,,,,9606,S0910,3780,SeqOps Novaseq X Validation,standard,,,from:450 to:450,,,Homo sapiens,,,,,4159161,,RefStds_PCR8021333,,Homo_sapiens (GRCh38_full_analysis_set_plus_decoy_hla),,888,,1,0,0,Samples are being submitted to test the new NovaSeq X,7309,SeqOps Novaseq X Validation,Homo_sapiens (GRCh38_15_plus_hs38d1) %5Bminimap2%5D,,SeqOps Novaseq X Validation,2,
2,28479621,RefStds_PCR8021347,,GCCTAGGG,AGTTGGAG,,Standard,GCCTAGGG,AGTTGGAG,user1@some.com user2@some.com,,user2@some.com,user1@some.com,,0,0,,,,,9606,S0910,3780,SeqOps Novaseq X Validation,standard,,,from:450 to:450,,,Homo sapiens,,,,,4159162,,RefStds_PCR8021347,,Homo_sapiens (GRCh38_full_analysis_set_plus_decoy_hla),,888,,1,0,0,Samples are being submitted to test the new NovaSeq X,7309,SeqOps Novaseq X Validation,Homo_sapiens (GRCh38_15_plus_hs38d1) %5Bminimap2%5D,,SeqOps Novaseq X Validation,3,
2,28479633,RefStds_PCR8021349,,CGAGGGTT,TGCGCTCA,,Standard,CGAGGGTT,TGCGCTCA,user1@some.com user2@some.com,,user2@some.com,user1@some.com,,0,0,,,,,9606,S0910,3780,SeqOps Novaseq X Validation,standard,,,from:450 to:450,,,Homo sapiens,,,,,4159163,,RefStds_PCR8021349,,Homo_sapiens (GRCh38_full_analysis_set_plus_decoy_hla),,888,,1,0,0,Samples are being submitted to test the new NovaSeq X,7309,SeqOps Novaseq X Validation,Homo_sapiens (GRCh38_15_plus_hs38d1) %5Bminimap2%5D,,SeqOps Novaseq X Validation,4,
2,28479645,RefStds_PCR8021363,,GAGCGAAC,TGGTAAAG,,Standard,GAGCGAAC,TGGTAAAG,user1@some.com user2@some.com,,user2@some.com,user1@some.com,,0,0,,,,,9606,S0910,3780,SeqOps Novaseq X Validation,standard,,,from:450 to:450,,,Homo sapiens,,,,,4159164,,RefStds_PCR8021363,,Homo_sapiens (GRCh38_full_analysis_set_plus_decoy_hla),,888,,1,0,0,Samples are being submitted to test the new NovaSeq X,7309,SeqOps Novaseq X Validation,Homo_sapiens (GRCh38_15_plus_hs38d1) %5Bminimap2%5D,,SeqOps Novaseq X Validation,5,
2,28479657,RefStds_PCR8021365,,GTCGCGAC,ACACCTTA,,Standard,GTCGCGAC,ACACCTTA,user1@some.com user2@some.com,,user2@some.com,user1@some.com,,0,0,,,,,257313,S0910,3780,SeqOps Novaseq X Validation,standard,,,from:450 to:450,,,Bordetella pertussis,,,,,4159165,,RefStds_PCR8021365,,Bordetella_pertussis (Tohama_I),,888,,1,0,0,Samples are being submitted to test the new NovaSeq X,7309,SeqOps Novaseq X Validation,Homo_sapiens (GRCh38_15_plus_hs38d1) %5Bminimap2%5D,,SeqOps Novaseq X Validation,6,
2,28479574,RefStds_PCR8021379,,GTCTTGCC,TCTGCCCT,,Standard,GTCTTGCC,TCTGCCCT,user1@some.com user2@some.com,,user2@some.com,user1@some.com,,0,0,,,,,9606,S0910,3780,SeqOps Novaseq X Validation,standard,,,from:450 to:450,,,Homo sapiens,,,,,4159166,,RefStds_PCR8021379,,Homo_sapiens (GRCh38_full_analysis_set_plus_decoy_hla),,888,,1,0,0,Samples are being submitted to test the new NovaSeq X,7309,SeqOps Novaseq X Validation,Homo_sapiens (GRCh38_15_plus_hs38d1) %5Bminimap2%5D,,SeqOps Novaseq X Validation,7,
2,28479586,RefStds_PCR8021381,,CCAGGTCG,TCACTGGA,,Standard,CCAGGTCG,TCACTGGA,user1@some.com user2@some.com,,user2@some.com,user1@some.com,,0,0,,,,,511145,S0910,3780,SeqOps Novaseq X Validation,standard,,,from:450 to:450,,,Escherichia coli,,,,,4159167,,RefStds_PCR8021381,,Escherichia_coli (K12),,888,,1,0,0,Samples are being submitted to test the new NovaSeq X,7309,SeqOps Novaseq X Validation,Homo_sapiens (GRCh38_15_plus_hs38d1) %5Bminimap2%5D,,SeqOps Novaseq X Validation,8,
2,28479598,RefStds_PCR8021395,,CGTGTGGA,ACCGATTA,,Standard,CGTGTGGA,ACCGATTA,user1@some.com user2@some.com,,user2@some.com,user1@some.com,,0,0,,,,,9606,S0910,3780,SeqOps Novaseq X Validation,standard,,,from:450 to:450,,,Homo sapiens,,,,,4159168,,RefStds_PCR8021395,,Homo_sapiens (GRCh38_full_analysis_set_plus_decoy_hla),,888,,1,0,0,Samples are being submitted to test the new NovaSeq X,7309,SeqOps Novaseq X Validation,Homo_sapiens (GRCh38_15_plus_hs38d1) %5Bminimap2%5D,,SeqOps Novaseq X Validation,9,
2,28479610,RefStds_PCR8021397,,AAGGCCGC,TTTAGACA,,Standard,AAGGCCGC,TTTAGACA,user1@some.com user2@some.com,,user2@some.com,user1@some.com,,0,0,,,,,272563,S0910,3780,SeqOps Novaseq X Validation,standard,,,from:450 to:450,,,Clostridioides difficile,,,,,4159169,,RefStds_PCR8021397,,Clostridium_difficile (Strain_630),,888,,1,0,0,Samples are being submitted to test the new NovaSeq X,7309,SeqOps Novaseq X Validation,Homo_sapiens (GRCh38_15_plus_hs38d1) %5Bminimap2%5D,,SeqOps Novaseq X Validation,10,
2,51702674,phiX_for_spiked_buffers,,TGTGCAGC,ACTGATGT,,,TGTGCAGC,ACTGATGT,,,,,,1,0,,,PhiX UDI 20211019 %2312,,10847,,,,standard,,,,,,,,,,,1255141,,phiX_for_spiked_buffers,,PhiX (Sanger-SNPs),,888,,1,0,0,None,198,Illumina Controls,,,,888,
3,66843810,RefStds_PCR-free8023825,,AGTTCAGG,CCAACAGA,,HiSeqX PCR free,AGTTCAGG,CCAACAGA,user1@some.com user2@some.com,,user2@some.com,user1@some.com,,0,0,,,,,9606,S0910,3780,SeqOps Novaseq X Validation,standard,,,from:450 to:450,,,Homo sapiens,,,,,8720924,,RefStds_PCR-free8023825,,Homo_sapiens (GRCh38_full_analysis_set_plus_decoy_hla),,888,,1,0,0,Samples are being submitted to test the new NovaSeq X,7309,SeqOps Novaseq X Validation,Homo_sapiens (GRCh38_15_plus_hs38d1) %5Bminimap2%5D,,SeqOps Novaseq X Validation,1,
3,66843858,RefStds_PCR-free8023829,,CCAAGTCT,AAGGATGA,,HiSeqX PCR free,CCAAGTCT,AAGGATGA,user1@some.com user2@some.com,,user2@some.com,user1@some.com,,0,0,,,,,,S0910,3780,SeqOps Novaseq X Validation,standard,,,from:450 to:450,,,,,,,,8720927,,RefStds_PCR-free8023829,,,,888,,1,0,0,Samples are being submitted to test the new NovaSeq X,7309,SeqOps Novaseq X Validation,Homo_sapiens (GRCh38_15_plus_hs38d1) %5Bminimap2%5D,,SeqOps Novaseq X Validation,2,
3,66843812,RefStds_PCR-free8023841,,ACTAAGAT,AACCGCGG,,HiSeqX PCR free,ACTAAGAT,AACCGCGG,user1@some.com user2@some.com,,user2@some.com,user1@some.com,,0,0,,,,,9606,S0910,3780,SeqOps Novaseq X Validation,standard,,,from:450 to:450,,,Homo sapiens,,,,,8720931,,RefStds_PCR-free8023841,,Homo_sapiens (GRCh38_full_analysis_set_plus_decoy_hla),,888,,1,0,0,Samples are being submitted to test the new NovaSeq X,7309,SeqOps Novaseq X Validation,Homo_sapiens (GRCh38_15_plus_hs38d1) %5Bminimap2%5D,,SeqOps Novaseq X Validation,3,
3,66843860,RefStds_PCR-free8023845,,CCGTGAAG,CAGTGGAT,,HiSeqX PCR free,CCGTGAAG,CAGTGGAT,user1@some.com user2@some.com,,user2@some.com,user1@some.com,,0,0,,,,,9606,S0910,3780,SeqOps Novaseq X Validation,standard,,,from:450 to:450,,,Homo sapiens,,,,,4159410,,RefStds_PCR-free8023845,,Homo_sapiens (GRCh38_full_analysis_set_plus_decoy_hla),,888,,1,0,0,Samples are being submitted to test the new NovaSeq X,7309,SeqOps Novaseq X Validation,Homo_sapiens (GRCh38_15_plus_hs38d1) %5Bminimap2%5D,,SeqOps Novaseq X Validation,4,
3,66843814,RefStds_PCR-free8023857,,ATATGGAT,CTGTATTA,,HiSeqX PCR free,ATATGGAT,CTGTATTA,user1@some.com user2@some.com,,user2@some.com,user1@some.com,,0,0,,,,,9606,S0910,3780,SeqOps Novaseq X Validation,standard,,,from:450 to:450,,,Homo sapiens,,,,,8720937,,RefStds_PCR-free8023857,,Homo_sapiens (GRCh38_full_analysis_set_plus_decoy_hla),,888,,1,0,0,Samples are being submitted to test the new NovaSeq X,7309,SeqOps Novaseq X Validation,Homo_sapiens (GRCh38_15_plus_hs38d1) %5Bminimap2%5D,,SeqOps Novaseq X Validation,5,
3,66843862,RefStds_PCR-free8023861,,ATGGCATG,AAGGTACC,,HiSeqX PCR free,ATGGCATG,AAGGTACC,user1@some.com user2@some.com,,user2@some.com,user1@some.com,,0,0,,,,,9606,S0910,3780,SeqOps Novaseq X Validation,standard,,,from:450 to:450,,,Homo sapiens,,,,,4159412,,RefStds_PCR-free8023861,,Homo_sapiens (GRCh38_full_analysis_set_plus_decoy_hla),,888,,1,0,0,Samples are being submitted to test the new NovaSeq X,7309,SeqOps Novaseq X Validation,Homo_sapiens (GRCh38_15_plus_hs38d1) %5Bminimap2%5D,,SeqOps Novaseq X Validation,6,
3,66843816,RefStds_PCR-free8023873,,TGCGGCGT,CCTCGGTA,,HiSeqX PCR free,TGCGGCGT,CCTCGGTA,user1@some.com user2@some.com,,user2@some.com,user1@some.com,,0,0,,,,,9606,S0910,3780,SeqOps Novaseq X Validation,standard,,,from:450 to:450,,,Homo sapiens,,,,,8720943,,RefStds_PCR-free8023873,,Homo_sapiens (GRCh38_full_analysis_set_plus_decoy_hla),,888,,1,0,0,Samples are being submitted to test the new NovaSeq X,7309,SeqOps Novaseq X Validation,Homo_sapiens (GRCh38_15_plus_hs38d1) %5Bminimap2%5D,,SeqOps Novaseq X Validation,7,
3,66843864,RefStds_PCR-free8023877,,CGGAACTG,CACTACGA,,HiSeqX PCR free,CGGAACTG,CACTACGA,user1@some.com user2@some.com,,user2@some.com,user1@some.com,,0,0,,,,,36329,S0910,3780,SeqOps Novaseq X Validation,standard,,,from:450 to:450,,,Malaria,,,,,4159414,,RefStds_PCR-free8023877,,Plasmodium_falciparum (3D7_Jan16v3),,888,,1,0,0,Samples are being submitted to test the new NovaSeq X,7309,SeqOps Novaseq X Validation,Homo_sapiens (GRCh38_15_plus_hs38d1) %5Bminimap2%5D,,SeqOps Novaseq X Validation,8,
3,66843818,RefStds_PCR-free8023889,,CAATTAAC,CGAGATAT,,HiSeqX PCR free,CAATTAAC,CGAGATAT,user1@some.com user2@some.com,,user2@some.com,user1@some.com,,0,0,,,,,9606,S0910,3780,SeqOps Novaseq X Validation,standard,,,from:450 to:450,,,Homo sapiens,,,,,8720949,,RefStds_PCR-free8023889,,Homo_sapiens (GRCh38_full_analysis_set_plus_decoy_hla),,888,,1,0,0,Samples are being submitted to test the new NovaSeq X,7309,SeqOps Novaseq X Validation,Homo_sapiens (GRCh38_15_plus_hs38d1) %5Bminimap2%5D,,SeqOps Novaseq X Validation,9,
3,66843866,RefStds_PCR-free8023893,,TGCGAGAC,CATTGTTG,,HiSeqX PCR free,TGCGAGAC,CATTGTTG,user1@some.com user2@some.com,,user2@some.com,user1@some.com,,0,0,,,,,511145,S0910,3780,SeqOps Novaseq X Validation,standard,,,from:450 to:450,,,Escherichia coli,,,,,8720952,,RefStds_PCR-free8023893,,Escherichia_coli (K12_DH10B),,888,,1,0,0,Samples are being submitted to test the new NovaSeq X,7309,SeqOps Novaseq X Validation,Homo_sapiens (GRCh38_15_plus_hs38d1) %5Bminimap2%5D,,SeqOps Novaseq X Validation,10,
3,66843820,RefStds_PCR-free8023905,,TATCGCAC,CTTAGTGT,,HiSeqX PCR free,TATCGCAC,CTTAGTGT,user1@some.com user2@some.com,,user2@some.com,user1@some.com,,0,0,,,,,272563,S0910,3780,SeqOps Novaseq X Validation,standard,,,from:450 to:450,,,Clostridioides difficile,,,,,8720956,,RefStds_PCR-free8023905,,Clostridium_difficile (Strain_630),,888,,1,0,0,Samples are being submitted to test the new NovaSeq X,7309,SeqOps Novaseq X Validation,Homo_sapiens (GRCh38_15_plus_hs38d1) %5Bminimap2%5D,,SeqOps Novaseq X Validation,11,
3,66843868,RefStds_PCR-free8023909,,TACTCATA,CCTGTGGC,,HiSeqX PCR free,TACTCATA,CCTGTGGC,user1@some.com user2@some.com,,user2@some.com,user1@some.com,,0,0,,,,,257313,S0910,3780,SeqOps Novaseq X Validation,standard,,,from:450 to:450,,,Bordetella pertussis,,,,,8720960,,RefStds_PCR-free8023909,,Bordetella_pertussis (Tohama_I),,888,,1,0,0,Samples are being submitted to test the new NovaSeq X,7309,SeqOps Novaseq X Validation,Homo_sapiens (GRCh38_15_plus_hs38d1) %5Bminimap2%5D,,SeqOps Novaseq X Validation,12,
3,51702674,phiX_for_spiked_buffers,,TGTGCAGC,ACTGATGT,,,TGTGCAGC,ACTGATGT,,,,,,1,0,,,PhiX UDI 20211019 %2312,,10847,,,,standard,,,,,,,,,,,1255141,,phiX_for_spiked_buffers,,PhiX (Sanger-SNPs),,888,,1,0,0,None,198,Illumina Controls,,,,888,
4,66843810,RefStds_PCR-free8023825,,AGTTCAGG,CCAACAGA,,HiSeqX PCR free,AGTTCAGG,CCAACAGA,user1@some.com user2@some.com,,user2@some.com,user1@some.com,,0,0,,,,,9606,S0910,3780,SeqOps Novaseq X Validation,standard,,,from:450 to:450,,,Homo sapiens,,,,,8720924,,RefStds_PCR-free8023825,,Homo_sapiens (GRCh38_full_analysis_set_plus_decoy_hla),,888,,1,0,0,Samples are being submitted to test the new NovaSeq X,7309,SeqOps Novaseq X Validation,Homo_sapiens (GRCh38_15_plus_hs38d1) %5Bminimap2%5D,,SeqOps Novaseq X Validation,1,
4,66843858,RefStds_PCR-free8023829,,CCAAGTCT,AAGGATGA,,HiSeqX PCR free,CCAAGTCT,AAGGATGA,user1@some.com user2@some.com,,user2@some.com,user1@some.com,,0,0,,,,,,S0910,3780,SeqOps Novaseq X Validation,standard,,,from:450 to:450,,,,,,,,8720927,,RefStds_PCR-free8023829,,,,888,,1,0,0,Samples are being submitted to test the new NovaSeq X,7309,SeqOps Novaseq X Validation,Homo_sapiens (GRCh38_15_plus_hs38d1) %5Bminimap2%5D,,SeqOps Novaseq X Validation,2,
4,66843812,RefStds_PCR-free8023841,,ACTAAGAT,AACCGCGG,,HiSeqX PCR free,ACTAAGAT,AACCGCGG,user1@some.com user2@some.com,,user2@some.com,user1@some.com,,0,0,,,,,9606,S0910,3780,SeqOps Novaseq X Validation,standard,,,from:450 to:450,,,Homo sapiens,,,,,8720931,,RefStds_PCR-free8023841,,Homo_sapiens (GRCh38_full_analysis_set_plus_decoy_hla),,888,,1,0,0,Samples are being submitted to test the new NovaSeq X,7309,SeqOps Novaseq X Validation,Homo_sapiens (GRCh38_15_plus_hs38d1) %5Bminimap2%5D,,SeqOps Novaseq X Validation,3,
5,66843810,RefStds_PCR-free8023825,,AGTTCAGG,CCAACAGA,,HiSeqX PCR free,AGTTCAGG,CCAACAGA,user1@some.com user2@some.com,,user2@some.com,user1@some.com,,0,0,,,,,9606,S0910,3780,SeqOps Novaseq X Validation,standard,,,from:450 to:450,,,Homo sapiens,,,,,8720924,,RefStds_PCR-free8023825,,Homo_sapiens (GRCh38_full_analysis_set_plus_decoy_hla),,888,,1,0,0,Samples are being submitted to test the new NovaSeq X,7309,SeqOps Novaseq X Validation,Homo_sapiens (GRCh38_15_plus_hs38d1) %5Bminimap2%5D,,SeqOps Novaseq X Validation,1,
5,66843858,RefStds_PCR-free8023829,,CCAAGTCT,AAGGATGA,,HiSeqX PCR free,CCAAGTCT,AAGGATGA,user1@some.com user2@some.com,,user2@some.com,user1@some.com,,0,0,,,,,,S0910,3780,SeqOps Novaseq X Validation,standard,,,from:450 to:450,,,,,,,,8720927,,RefStds_PCR-free8023829,,,,888,,1,0,0,Samples are being submitted to test the new NovaSeq X,7309,SeqOps Novaseq X Validation,Homo_sapiens (GRCh38_15_plus_hs38d1) %5Bminimap2%5D,,SeqOps Novaseq X Validation,2,
5,66843812,RefStds_PCR-free8023841,,ACTAAGAT,AACCGCGG,,HiSeqX PCR free,ACTAAGAT,AACCGCGG,user1@some.com user2@some.com,,user2@some.com,user1@some.com,,0,0,,,,,9606,S0910,3780,SeqOps Novaseq X Validation,standard,,,from:450 to:450,,,Homo sapiens,,,,,8720931,,RefStds_PCR-free8023841,,Homo_sapiens (GRCh38_full_analysis_set_plus_decoy_hla),,888,,1,0,0,Samples are being submitted to test the new NovaSeq X,7309,SeqOps Novaseq X Validation,Homo_sapiens (GRCh38_15_plus_hs38d1) %5Bminimap2%5D,,SeqOps Novaseq X Validation,3,
5,66843860,RefStds_PCR-free8023845,,CCGTGAAG,CAGTGGAT,,HiSeqX PCR free,CCGTGAAG,CAGTGGAT,user1@some.com user2@some.com,,user2@some.com,user1@some.com,,0,0,,,,,9606,S0910,3780,SeqOps Novaseq X Validation,standard,,,from:450 to:450,,,Homo sapiens,,,,,4159410,,RefStds_PCR-free8023845,,Homo_sapiens (GRCh38_full_analysis_set_plus_decoy_hla),,888,,1,0,0,Samples are being submitted to test the new NovaSeq X,7309,SeqOps Novaseq X Validation,Homo_sapiens (GRCh38_15_plus_hs38d1) %5Bminimap2%5D,,SeqOps Novaseq X Validation,4,
5,66843814,RefStds_PCR-free8023857,,ATATGGAT,CTGTATTA,,HiSeqX PCR free,ATATGGAT,CTGTATTA,user1@some.com user2@some.com,,user2@some.com,user1@some.com,,0,0,,,,,9606,S0910,3780,SeqOps Novaseq X Validation,standard,,,from:450 to:450,,,Homo sapiens,,,,,8720937,,RefStds_PCR-free8023857,,Homo_sapiens (GRCh38_full_analysis_set_plus_decoy_hla),,888,,1,0,0,Samples are being submitted to test the new NovaSeq X,7309,SeqOps Novaseq X Validation,Homo_sapiens (GRCh38_15_plus_hs38d1) %5Bminimap2%5D,,SeqOps Novaseq X Validation,5,
5,66843862,RefStds_PCR-free8023861,,ATGGCATG,AAGGTACC,,HiSeqX PCR free,ATGGCATG,AAGGTACC,user1@some.com user2@some.com,,user2@some.com,user1@some.com,,0,0,,,,,9606,S0910,3780,SeqOps Novaseq X Validation,standard,,,from:450 to:450,,,Homo sapiens,,,,,4159412,,RefStds_PCR-free8023861,,Homo_sapiens (GRCh38_full_analysis_set_plus_decoy_hla),,888,,1,0,0,Samples are being submitted to test the new NovaSeq X,7309,SeqOps Novaseq X Validation,Homo_sapiens (GRCh38_15_plus_hs38d1) %5Bminimap2%5D,,SeqOps Novaseq X Validation,6,
5,66843816,RefStds_PCR-free8023873,,TGCGGCGT,CCTCGGTA,,HiSeqX PCR free,TGCGGCGT,CCTCGGTA,user1@some.com user2@some.com,,user2@some.com,user1@some.com,,0,0,,,,,9606,S0910,3780,SeqOps Novaseq X Validation,standard,,,from:450 to:450,,,Homo sapiens,,,,,8720943,,RefStds_PCR-free8023873,,Homo_sapiens (GRCh38_full_analysis_set_plus_decoy_hla),,888,,1,0,0,Samples are being submitted to test the new NovaSeq X,7309,SeqOps Novaseq X Validation,Homo_sapiens (GRCh38_15_plus_hs38d1) %5Bminimap2%5D,,SeqOps Novaseq X Validation,7,
5,66843864,RefStds_PCR-free8023877,,CGGAACTG,CACTACGA,,HiSeqX PCR free,CGGAACTG,CACTACGA,user1@some.com user2@some.com,,user2@some.com,user1@some.com,,0,0,,,,,36329,S0910,3780,SeqOps Novaseq X Validation,standard,,,from:450 to:450,,,Malaria,,,,,4159414,,RefStds_PCR-free8023877,,Plasmodium_falciparum (3D7_Jan16v3),,888,,1,0,0,Samples are being submitted to test the new NovaSeq X,7309,SeqOps Novaseq X Validation,Homo_sapiens (GRCh38_15_plus_hs38d1) %5Bminimap2%5D,,SeqOps Novaseq X Validation,8,
5,66843818,RefStds_PCR-free8023889,,CAATTAAC,CGAGATAT,,HiSeqX PCR free,CAATTAAC,CGAGATAT,user1@some.com user2@some.com,,user2@some.com,user1@some.com,,0,0,,,,,9606,S0910,3780,SeqOps Novaseq X Validation,standard,,,from:450 to:450,,,Homo sapiens,,,,,8720949,,RefStds_PCR-free8023889,,Homo_sapiens (GRCh38_full_analysis_set_plus_decoy_hla),,888,,1,0,0,Samples are being submitted to test the new NovaSeq X,7309,SeqOps Novaseq X Validation,Homo_sapiens (GRCh38_15_plus_hs38d1) %5Bminimap2%5D,,SeqOps Novaseq X Validation,9,
5,66843866,RefStds_PCR-free8023893,,TGCGAGAC,CATTGTTG,,HiSeqX PCR free,TGCGAGAC,CATTGTTG,user1@some.com user2@some.com,,user2@some.com,user1@some.com,,0,0,,,,,511145,S0910,3780,SeqOps Novaseq X Validation,standard,,,from:450 to:450,,,Escherichia coli,,,,,8720952,,RefStds_PCR-free8023893,,Escherichia_coli (K12_DH10B),,888,,1,0,0,Samples are being submitted to test the new NovaSeq X,7309,SeqOps Novaseq X Validation,Homo_sapiens (GRCh38_15_plus_hs38d1) %5Bminimap2%5D,,SeqOps Novaseq X Validation,10,
5,66843820,RefStds_PCR-free8023905,,TATCGCAC,CTTAGTGT,,HiSeqX PCR free,TATCGCAC,CTTAGTGT,user1@some.com user2@some.com,,user2@some.com,user1@some.com,,0,0,,,,,272563,S0910,3780,SeqOps Novaseq X Validation,standard,,,from:450 to:450,,,Clostridioides difficile,,,,,8720956,,RefStds_PCR-free8023905,,Clostridium_difficile (Strain_630),,888,,1,0,0,Samples are being submitted to test the new NovaSeq X,7309,SeqOps Novaseq X Validation,Homo_sapiens (GRCh38_15_plus_hs38d1) %5Bminimap2%5D,,SeqOps Novaseq X Validation,11,
5,66843868,RefStds_PCR-free8023909,,TACTCATA,CCTGTGGC,,HiSeqX PCR free,TACTCATA,CCTGTGGC,user1@some.com user2@some.com,,user2@some.com,user1@some.com,,0,0,,,,,257313,S0910,3780,SeqOps Novaseq X Validation,standard,,,from:450 to:450,,,Bordetella pertussis,,,,,8720960,,RefStds_PCR-free8023909,,Bordetella_pertussis (Tohama_I),,888,,1,0,0,Samples are being submitted to test the new NovaSeq X,7309,SeqOps Novaseq X Validation,Homo_sapiens (GRCh38_15_plus_hs38d1) %5Bminimap2%5D,,SeqOps Novaseq X Validation,12,
5,51702674,phiX_for_spiked_buffers,,TGTGCAGC,ACTGATGT,,,TGTGCAGC,ACTGATGT,,,,,,1,0,,,PhiX UDI 20211019 %2312,,10847,,,,standard,,,,,,,,,,,1255141,,phiX_for_spiked_buffers,,PhiX (Sanger-SNPs),,888,,1,0,0,None,198,Illumina Controls,,,,888,
6,66843810,RefStds_PCR-free8023825,,AGTTCAGG,CCAACAGA,,HiSeqX PCR free,AGTTCAGG,CCAACAGA,user1@some.com user2@some.com,,user2@some.com,user1@some.com,,0,0,,,,,9606,S0910,3780,SeqOps Novaseq X Validation,standard,,,from:450 to:450,,,Homo sapiens,,,,,8720924,,RefStds_PCR-free8023825,,Homo_sapiens (GRCh38_full_analysis_set_plus_decoy_hla),,888,,1,0,0,Samples are being submitted to test the new NovaSeq X,7309,SeqOps Novaseq X Validation,Homo_sapiens (GRCh38_15_plus_hs38d1) %5Bminimap2%5D,,SeqOps Novaseq X Validation,1,
6,66843858,RefStds_PCR-free8023829,,CCAAGTCT,AAGGATGA,,HiSeqX PCR free,CCAAGTCT,AAGGATGA,user1@some.com user2@some.com,,user2@some.com,user1@some.com,,0,0,,,,,,S0910,3780,SeqOps Novaseq X Validation,standard,,,from:450 to:450,,,,,,,,8720927,,RefStds_PCR-free8023829,,,,888,,1,0,0,Samples are being submitted to test the new NovaSeq X,7309,SeqOps Novaseq X Validation,Homo_sapiens (GRCh38_15_plus_hs38d1) %5Bminimap2%5D,,SeqOps Novaseq X Validation,2,
6,66843812,RefStds_PCR-free8023841,,ACTAAGAT,AACCGCGG,,HiSeqX PCR free,ACTAAGAT,AACCGCGG,user1@some.com user2@some.com,,user2@some.com,user1@some.com,,0,0,,,,,9606,S0910,3780,SeqOps Novaseq X Validation,standard,,,from:450 to:450,,,Homo sapiens,,,,,8720931,,RefStds_PCR-free8023841,,Homo_sapiens (GRCh38_full_analysis_set_plus_decoy_hla),,888,,1,0,0,Samples are being submitted to test the new NovaSeq X,7309,SeqOps Novaseq X Validation,Homo_sapiens (GRCh38_15_plus_hs38d1) %5Bminimap2%5D,,SeqOps Novaseq X Validation,3,
6,66843860,RefStds_PCR-free8023845,,CCGTGAAG,CAGTGGAT,,HiSeqX PCR free,CCGTGAAG,CAGTGGAT,user1@some.com user2@some.com,,user2@some.com,user1@some.com,,0,0,,,,,9606,S0910,3780,SeqOps Novaseq X Validation,standard,,,from:450 to:450,,,Homo sapiens,,,,,4159410,,RefStds_PCR-free8023845,,Homo_sapiens (GRCh38_full_analysis_set_plus_decoy_hla),,888,,1,0,0,Samples are being submitted to test the new NovaSeq X,7309,SeqOps Novaseq X Validation,Homo_sapiens (GRCh38_15_plus_hs38d1) %5Bminimap2%5D,,SeqOps Novaseq X Validation,4,
6,66843814,RefStds_PCR-free8023857,,ATATGGAT,CTGTATTA,,HiSeqX PCR free,ATATGGAT,CTGTATTA,user1@some.com user2@some.com,,user2@some.com,user1@some.com,,0,0,,,,,9606,S0910,3780,SeqOps Novaseq X Validation,standard,,,from:450 to:450,,,Homo sapiens,,,,,8720937,,RefStds_PCR-free8023857,,Homo_sapiens (GRCh38_full_analysis_set_plus_decoy_hla),,888,,1,0,0,Samples are being submitted to test the new NovaSeq X,7309,SeqOps Novaseq X Validation,Homo_sapiens (GRCh38_15_plus_hs38d1) %5Bminimap2%5D,,SeqOps Novaseq X Validation,5,
6,66843862,RefStds_PCR-free8023861,,ATGGCATG,AAGGTACC,,HiSeqX PCR free,ATGGCATG,AAGGTACC,user1@some.com user2@some.com,,user2@some.com,user1@some.com,,0,0,,,,,9606,S0910,3780,SeqOps Novaseq X Validation,standard,,,from:450 to:450,,,Homo sapiens,,,,,4159412,,RefStds_PCR-free8023861,,Homo_sapiens (GRCh38_full_analysis_set_plus_decoy_hla),,888,,1,0,0,Samples are being submitted to test the new NovaSeq X,7309,SeqOps Novaseq X Validation,Homo_sapiens (GRCh38_15_plus_hs38d1) %5Bminimap2%5D,,SeqOps Novaseq X Validation,6,
6,66843816,RefStds_PCR-free8023873,,TGCGGCGT,CCTCGGTA,,HiSeqX PCR free,TGCGGCGT,CCTCGGTA,user1@some.com user2@some.com,,user2@some.com,user1@some.com,,0,0,,,,,9606,S0910,3780,SeqOps Novaseq X Validation,standard,,,from:450 to:450,,,Homo sapiens,,,,,8720943,,RefStds_PCR-free8023873,,Homo_sapiens (GRCh38_full_analysis_set_plus_decoy_hla),,888,,1,0,0,Samples are being submitted to test the new NovaSeq X,7309,SeqOps Novaseq X Validation,Homo_sapiens (GRCh38_15_plus_hs38d1) %5Bminimap2%5D,,SeqOps Novaseq X Validation,7,
6,66843864,RefStds_PCR-free8023877,,CGGAACTG,CACTACGA,,HiSeqX PCR free,CGGAACTG,CACTACGA,user1@some.com user2@some.com,,user2@some.com,user1@some.com,,0,0,,,,,36329,S0910,3780,SeqOps Novaseq X Validation,standard,,,from:450 to:450,,,Malaria,,,,,4159414,,RefStds_PCR-free8023877,,Plasmodium_falciparum (3D7_Jan16v3),,888,,1,0,0,Samples are being submitted to test the new NovaSeq X,7309,SeqOps Novaseq X Validation,Homo_sapiens (GRCh38_15_plus_hs38d1) %5Bminimap2%5D,,SeqOps Novaseq X Validation,8,
6,66843818,RefStds_PCR-free8023889,,CAATTAAC,CGAGATAT,,HiSeqX PCR free,CAATTAAC,CGAGATAT,user1@some.com user2@some.com,,user2@some.com,user1@some.com,,0,0,,,,,9606,S0910,3780,SeqOps Novaseq X Validation,standard,,,from:450 to:450,,,Homo sapiens,,,,,8720949,,RefStds_PCR-free8023889,,Homo_sapiens (GRCh38_full_analysis_set_plus_decoy_hla),,888,,1,0,0,Samples are being submitted to test the new NovaSeq X,7309,SeqOps Novaseq X Validation,Homo_sapiens (GRCh38_15_plus_hs38d1) %5Bminimap2%5D,,SeqOps Novaseq X Validation,9,
6,66843866,RefStds_PCR-free8023893,,TGCGAGAC,CATTGTTG,,HiSeqX PCR free,TGCGAGAC,CATTGTTG,user1@some.com user2@some.com,,user2@some.com,user1@some.com,,0,0,,,,,511145,S0910,3780,SeqOps Novaseq X Validation,standard,,,from:450 to:450,,,Escherichia coli,,,,,8720952,,RefStds_PCR-free8023893,,Escherichia_coli (K12_DH10B),,888,,1,0,0,Samples are being submitted to test the new NovaSeq X,7309,SeqOps Novaseq X Validation,Homo_sapiens (GRCh38_15_plus_hs38d1) %5Bminimap2%5D,,SeqOps Novaseq X Validation,10,
6,66843820,RefStds_PCR-free8023905,,TATCGCAC,CTTAGTGT,,HiSeqX PCR free,TATCGCAC,CTTAGTGT,user1@some.com user2@some.com,,user2@some.com,user1@some.com,,0,0,,,,,272563,S0910,3780,SeqOps Novaseq X Validation,standard,,,from:450 to:450,,,Clostridioides difficile,,,,,8720956,,RefStds_PCR-free8023905,,Clostridium_difficile (Strain_630),,888,,1,0,0,Samples are being submitted to test the new NovaSeq X,7309,SeqOps Novaseq X Validation,Homo_sapiens (GRCh38_15_plus_hs38d1) %5Bminimap2%5D,,SeqOps Novaseq X Validation,11,
6,66843868,RefStds_PCR-free8023909,,TACTCATA,CCTGTGGC,,HiSeqX PCR free,TACTCATA,CCTGTGGC,user1@some.com user2@some.com,,user2@some.com,user1@some.com,,0,0,,,,,257313,S0910,3780,SeqOps Novaseq X Validation,standard,,,from:450 to:450,,,Bordetella pertussis,,,,,8720960,,RefStds_PCR-free8023909,,Bordetella_pertussis (Tohama_I),,888,,1,0,0,Samples are being submitted to test the new NovaSeq X,7309,SeqOps Novaseq X Validation,Homo_sapiens (GRCh38_15_plus_hs38d1) %5Bminimap2%5D,,SeqOps Novaseq X Validation,12,
6,51702674,phiX_for_spiked_buffers,,TGTGCAGC,ACTGATGT,,,TGTGCAGC,ACTGATGT,,,,,,1,0,,,PhiX UDI 20211019 %2312,,10847,,,,standard,,,,,,,,,,,1255141,,phiX_for_spiked_buffers,,PhiX (Sanger-SNPs),,888,,1,0,0,None,198,Illumina Controls,,,,888,
7,65828605,EGAN00004178291,,CCGTTAGT,ATCACGAT,,RNA Poly A Globin,CCGTTAGT,ATCACGAT,user3@some.com user5@some.com user4@some.com nf10@some.com,user3@some.com user4@some.com nf10@some.com,user3@some.com,user5@some.com,,0,0,,,,,9606,S0910,3780,SeqOps Novaseq X Validation,standard,,,from:100 to:300,EGAN00004178291,,Homo Sapiens,,,,,8511812,,pops212973524,,,,888,EGAS00001006379,1,0,0, There have been few previous studies,6947,I3636_HG_PoPs2_RNAseq,Homo_sapiens (GRCh38_15_plus_hs38d1 %2B ensembl_90_transcriptome) %5Bstar%5D,,Genetic Determinants,1,
7,65828617,EGAN00004178293,,TCGACTCG,TGATCAAA,,RNA Poly A Globin,TCGACTCG,TGATCAAA,user3@some.com user5@some.com user4@some.com nf10@some.com,user3@some.com user4@some.com nf10@some.com,user3@some.com,user5@some.com,,0,0,,,,,9606,S0910,3780,SeqOps Novaseq X Validation,standard,,,from:100 to:300,EGAN00004178293,,Homo Sapiens,,,,,8511814,,pops212973526,,,,888,EGAS00001006379,1,0,0, There have been few previous studies,6947,I3636_HG_PoPs2_RNAseq,Homo_sapiens (GRCh38_15_plus_hs38d1 %2B ensembl_90_transcriptome) %5Bstar%5D,,Genetic Determinants,2,
7,65828629,EGAN00004178294,,CGTAAAGA,CGACTTCC,,RNA Poly A Globin,CGTAAAGA,CGACTTCC,user3@some.com user5@some.com user4@some.com nf10@some.com,user3@some.com user4@some.com nf10@some.com,user3@some.com,user5@some.com,,0,0,,,,,9606,S0910,3780,SeqOps Novaseq X Validation,standard,,,from:100 to:300,EGAN00004178294,,Homo Sapiens,,,,,8511815,,pops212973527,,,,888,EGAS00001006379,1,0,0, There have been few previous studies,6947,I3636_HG_PoPs2_RNAseq,Homo_sapiens (GRCh38_15_plus_hs38d1 %2B ensembl_90_transcriptome) %5Bstar%5D,,Genetic Determinants,3,
7,65828641,EGAN00004178295,,CGTCGTCG,CTCAGAAA,,RNA Poly A Globin,CGTCGTCG,CTCAGAAA,user3@some.com user5@some.com user4@some.com nf10@some.com,user3@some.com user4@some.com nf10@some.com,user3@some.com,user5@some.com,,0,0,,,,,9606,S0910,3780,SeqOps Novaseq X Validation,standard,,,from:100 to:300,EGAN00004178295,,Homo Sapiens,,,,,8511816,,pops212973528,,,,888,EGAS00001006379,1,0,0, There have been few previous studies,6947,I3636_HG_PoPs2_RNAseq,Homo_sapiens (GRCh38_15_plus_hs38d1 %2B ensembl_90_transcriptome) %5Bstar%5D,,Genetic Determinants,4,
7,65828653,EGAN00004178297,,TTCTCTTT,TCAGCCTG,,RNA Poly A Globin,TTCTCTTT,TCAGCCTG,user3@some.com user5@some.com user4@some.com nf10@some.com,user3@some.com user4@some.com nf10@some.com,user3@some.com,user5@some.com,,0,0,,,,,9606,S0910,3780,SeqOps Novaseq X Validation,standard,,,from:100 to:300,EGAN00004178297,,Homo Sapiens,,,,,8511817,,pops212973529,,,,888,EGAS00001006379,1,0,0, There have been few previous studies,6947,I3636_HG_PoPs2_RNAseq,Homo_sapiens (GRCh38_15_plus_hs38d1 %2B ensembl_90_transcriptome) %5Bstar%5D,,Genetic Determinants,5,
7,65828665,EGAN00004178299,,TCTCATAT,TTTGCACC,,RNA Poly A Globin,TCTCATAT,TTTGCACC,user3@some.com user5@some.com user4@some.com nf10@some.com,user3@some.com user4@some.com nf10@some.com,user3@some.com,user5@some.com,,0,0,,,,,9606,S0910,3780,SeqOps Novaseq X Validation,standard,,,from:100 to:300,EGAN00004178299,,Homo Sapiens,,,,,8511819,,pops212973531,,,,888,EGAS00001006379,1,0,0, There have been few previous studies,6947,I3636_HG_PoPs2_RNAseq,Homo_sapiens (GRCh38_15_plus_hs38d1 %2B ensembl_90_transcriptome) %5Bstar%5D,,Genetic Determinants,6,
7,65828677,EGAN00004178300,,TCGGGCTG,CGATCTGG,,RNA Poly A Globin,TCGGGCTG,CGATCTGG,user3@some.com user5@some.com user4@some.com nf10@some.com,user3@some.com user4@some.com nf10@some.com,user3@some.com,user5@some.com,,0,0,,,,,9606,S0910,3780,SeqOps Novaseq X Validation,standard,,,from:100 to:300,EGAN00004178300,,Homo Sapiens,,,,,8511820,,pops212973532,,,,888,EGAS00001006379,1,0,0, There have been few previous studies,6947,I3636_HG_PoPs2_RNAseq,Homo_sapiens (GRCh38_15_plus_hs38d1 %2B ensembl_90_transcriptome) %5Bstar%5D,,Genetic Determinants,7,
7,65828689,EGAN00004178301,,GGAACGAT,GGCGTCCC,,RNA Poly A Globin,GGAACGAT,GGCGTCCC,user3@some.com user5@some.com user4@some.com nf10@some.com,user3@some.com user4@some.com nf10@some.com,user3@some.com,user5@some.com,,0,0,,,,,9606,S0910,3780,SeqOps Novaseq X Validation,standard,,,from:100 to:300,EGAN00004178301,,Homo Sapiens,,,,,8511821,,pops212973533,,,,888,EGAS00001006379,1,0,0, There have been few previous studies,6947,I3636_HG_PoPs2_RNAseq,Homo_sapiens (GRCh38_15_plus_hs38d1 %2B ensembl_90_transcriptome) %5Bstar%5D,,Genetic Determinants,8,
7,65828606,EGAN00004178302,,TGTTACAG,GAGCGCGC,,RNA Poly A Globin,TGTTACAG,GAGCGCGC,user3@some.com user5@some.com user4@some.com nf10@some.com,user3@some.com user4@some.com nf10@some.com,user3@some.com,user5@some.com,,0,0,,,,,9606,S0910,3780,SeqOps Novaseq X Validation,standard,,,from:100 to:300,EGAN00004178302,,Homo Sapiens,,,,,8511823,,pops212973535,,,,888,EGAS00001006379,1,0,0, There have been few previous studies,6947,I3636_HG_PoPs2_RNAseq,Homo_sapiens (GRCh38_15_plus_hs38d1 %2B ensembl_90_transcriptome) %5Bstar%5D,,Genetic Determinants,9,
7,65828618,EGAN00004178304,,TCCACAAA,TGGTGCAC,,RNA Poly A Globin,TCCACAAA,TGGTGCAC,user3@some.com user5@some.com user4@some.com nf10@some.com,user3@some.com user4@some.com nf10@some.com,user3@some.com,user5@some.com,,0,0,,,,,9606,S0910,3780,SeqOps Novaseq X Validation,standard,,,from:100 to:300,EGAN00004178304,,Homo Sapiens,,,,,8511824,,pops212973536,,,,888,EGAS00001006379,1,0,0, There have been few previous studies,6947,I3636_HG_PoPs2_RNAseq,Homo_sapiens (GRCh38_15_plus_hs38d1 %2B ensembl_90_transcriptome) %5Bstar%5D,,Genetic Determinants,10,
7,65828630,EGAN00004178305,,CGCCTTGA,TGGTGACT,,RNA Poly A Globin,CGCCTTGA,TGGTGACT,user3@some.com user5@some.com user4@some.com nf10@some.com,user3@some.com user4@some.com nf10@some.com,user3@some.com,user5@some.com,,0,0,,,,,9606,S0910,3780,SeqOps Novaseq X Validation,standard,,,from:100 to:300,EGAN00004178305,,Homo Sapiens,,,,,8511825,,pops212973537,,,,888,EGAS00001006379,1,0,0, There have been few previous studies,6947,I3636_HG_PoPs2_RNAseq,Homo_sapiens (GRCh38_15_plus_hs38d1 %2B ensembl_90_transcriptome) %5Bstar%5D,,Genetic Determinants,11,
8,65828605,EGAN00004178291,,CCGTTAGT,ATCACGAT,,RNA Poly A Globin,CCGTTAGT,ATCACGAT,user3@some.com user5@some.com user4@some.com nf10@some.com,user3@some.com user4@some.com nf10@some.com,user3@some.com,user5@some.com,,0,0,,,,,9606,S0910,3780,SeqOps Novaseq X Validation,standard,,,from:100 to:300,EGAN00004178291,,Homo Sapiens,,,,,8511812,,pops212973524,,,,888,EGAS00001006379,1,0,0, There have been few previous studies,6947,I3636_HG_PoPs2_RNAseq,Homo_sapiens (GRCh38_15_plus_hs38d1 %2B ensembl_90_transcriptome) %5Bstar%5D,,Genetic Determinants,1,
8,65828617,EGAN00004178293,,TCGACTCG,TGATCAAA,,RNA Poly A Globin,TCGACTCG,TGATCAAA,user3@some.com user5@some.com user4@some.com nf10@some.com,user3@some.com user4@some.com nf10@some.com,user3@some.com,user5@some.com,,0,0,,,,,9606,S0910,3780,SeqOps Novaseq X Validation,standard,,,from:100 to:300,EGAN00004178293,,Homo Sapiens,,,,,8511814,,pops212973526,,,,888,EGAS00001006379,1,0,0, There have been few previous studies,6947,I3636_HG_PoPs2_RNAseq,Homo_sapiens (GRCh38_15_plus_hs38d1 %2B ensembl_90_transcriptome) %5Bstar%5D,,Genetic Determinants,2,
8,65828629,EGAN00004178294,,CGTAAAGA,CGACTTCC,,RNA Poly A Globin,CGTAAAGA,CGACTTCC,user3@some.com user5@some.com user4@some.com nf10@some.com,user3@some.com user4@some.com nf10@some.com,user3@some.com,user5@some.com,,0,0,,,,,9606,S0910,3780,SeqOps Novaseq X Validation,standard,,,from:100 to:300,EGAN00004178294,,Homo Sapiens,,,,,8511815,,pops212973527,,,,888,EGAS00001006379,1,0,0, There have been few previous studies,6947,I3636_HG_PoPs2_RNAseq,Homo_sapiens (GRCh38_15_plus_hs38d1 %2B ensembl_90_transcriptome) %5Bstar%5D,,Genetic Determinants,3,
8,65828641,EGAN00004178295,,CGTCGTCG,CTCAGAAA,,RNA Poly A Globin,CGTCGTCG,CTCAGAAA,user3@some.com user5@some.com user4@some.com nf10@some.com,user3@some.com user4@some.com nf10@some.com,user3@some.com,user5@some.com,,0,0,,,,,9606,S0910,3780,SeqOps Novaseq X Validation,standard,,,from:100 to:300,EGAN00004178295,,Homo Sapiens,,,,,8511816,,pops212973528,,,,888,EGAS00001006379,1,0,0, There have been few previous studies,6947,I3636_HG_PoPs2_RNAseq,Homo_sapiens (GRCh38_15_plus_hs38d1 %2B ensembl_90_transcriptome) %5Bstar%5D,,Genetic Determinants,4,
8,65828653,EGAN00004178297,,TTCTCTTT,TCAGCCTG,,RNA Poly A Globin,TTCTCTTT,TCAGCCTG,user3@some.com user5@some.com user4@some.com nf10@some.com,user3@some.com user4@some.com nf10@some.com,user3@some.com,user5@some.com,,0,0,,,,,9606,S0910,3780,SeqOps Novaseq X Validation,standard,,,from:100 to:300,EGAN00004178297,,Homo Sapiens,,,,,8511817,,pops212973529,,,,888,EGAS00001006379,1,0,0, There have been few previous studies,6947,I3636_HG_PoPs2_RNAseq,Homo_sapiens (GRCh38_15_plus_hs38d1 %2B ensembl_90_transcriptome) %5Bstar%5D,,Genetic Determinants,5,
8,65828665,EGAN00004178299,,TCTCATAT,TTTGCACC,,RNA Poly A Globin,TCTCATAT,TTTGCACC,user3@some.com user5@some.com user4@some.com nf10@some.com,user3@some.com user4@some.com nf10@some.com,user3@some.com,user5@some.com,,0,0,,,,,9606,S0910,3780,SeqOps Novaseq X Validation,standard,,,from:100 to:300,EGAN00004178299,,Homo Sapiens,,,,,8511819,,pops212973531,,,,888,EGAS00001006379,1,0,0, There have been few previous studies,6947,I3636_HG_PoPs2_RNAseq,Homo_sapiens (GRCh38_15_plus_hs38d1 %2B ensembl_90_transcriptome) %5Bstar%5D,,Genetic Determinants,6,
8,65828677,EGAN00004178300,,TCGGGCTG,CGATCTGG,,RNA Poly A Globin,TCGGGCTG,CGATCTGG,user3@some.com user5@some.com user4@some.com nf10@some.com,user3@some.com user4@some.com nf10@some.com,user3@some.com,user5@some.com,,0,0,,,,,9606,S0910,3780,SeqOps Novaseq X Validation,standard,,,from:100 to:300,EGAN00004178300,,Homo Sapiens,,,,,8511820,,pops212973532,,,,888,EGAS00001006379,1,0,0, There have been few previous studies,6947,I3636_HG_PoPs2_RNAseq,Homo_sapiens (GRCh38_15_plus_hs38d1 %2B ensembl_90_transcriptome) %5Bstar%5D,,Genetic Determinants,7,
8,65828689,EGAN00004178301,,GGAACGAT,GGCGTCCC,,RNA Poly A Globin,GGAACGAT,GGCGTCCC,user3@some.com user5@some.com user4@some.com nf10@some.com,user3@some.com user4@some.com nf10@some.com,user3@some.com,user5@some.com,,0,0,,,,,9606,S0910,3780,SeqOps Novaseq X Validation,standard,,,from:100 to:300,EGAN00004178301,,Homo Sapiens,,,,,8511821,,pops212973533,,,,888,EGAS00001006379,1,0,0, There have been few previous studies,6947,I3636_HG_PoPs2_RNAseq,Homo_sapiens (GRCh38_15_plus_hs38d1 %2B ensembl_90_transcriptome) %5Bstar%5D,,Genetic Determinants,8,
8,65828606,EGAN00004178302,,TGTTACAG,GAGCGCGC,,RNA Poly A Globin,TGTTACAG,GAGCGCGC,user3@some.com user5@some.com user4@some.com nf10@some.com,user3@some.com user4@some.com nf10@some.com,user3@some.com,user5@some.com,,0,0,,,,,9606,S0910,3780,SeqOps Novaseq X Validation,standard,,,from:100 to:300,EGAN00004178302,,Homo Sapiens,,,,,8511823,,pops212973535,,,,888,EGAS00001006379,1,0,0, There have been few previous studies,6947,I3636_HG_PoPs2_RNAseq,Homo_sapiens (GRCh38_15_plus_hs38d1 %2B ensembl_90_transcriptome) %5Bstar%5D,,Genetic Determinants,9,
8,65828618,EGAN00004178304,,TCCACAAA,TGGTGCAC,,RNA Poly A Globin,TCCACAAA,TGGTGCAC,user3@some.com user5@some.com user4@some.com nf10@some.com,user3@some.com user4@some.com nf10@some.com,user3@some.com,user5@some.com,,0,0,,,,,9606,S0910,3780,SeqOps Novaseq X Validation,standard,,,from:100 to:300,EGAN00004178304,,Homo Sapiens,,,,,8511824,,pops212973536,,,,888,EGAS00001006379,1,0,0, There have been few previous studies,6947,I3636_HG_PoPs2_RNAseq,Homo_sapiens (GRCh38_15_plus_hs38d1 %2B ensembl_90_transcriptome) %5Bstar%5D,,Genetic Determinants,10,
8,51702674,phiX_for_spiked_buffers,,TGTGCAGC,ACTGATGT,,,TGTGCAGC,ACTGATGT,,,,,,1,0,,,PhiX UDI 20211019 %2312,,10847,,,,standard,,,,,,,,,,,1255141,,phiX_for_spiked_buffers,,PhiX (Sanger-SNPs),,888,,1,0,0,None,198,Illumina Controls,,,,888,
