[Data],,,,,,,,,,,,,,,,,,,,,,,,,,,,,,,,,,,,,,,,,,,,,,,,,,,,
Sample_ID,Sample_Name,GenomeFolder,Index,Index2,bait_name,default_library_type,default_tag_sequence,default_tagtwo_sequence,email_addresses,email_addresses_of_followers,email_addresses_of_managers,email_addresses_of_owners,gbs_plex_name,is_control,is_pool,lane_id,lane_priority,library_name,organism,organism_taxon_id,project_cost_code,project_id,project_name,purpose,qc_state,request_id,required_insert_size_range,sample_accession_number,sample_cohort,sample_common_name,sample_consent_withdrawn,sample_control_type,sample_description,sample_donor_id,sample_id,sample_is_control,sample_name,sample_public_name,sample_reference_genome,sample_supplier_name,spiked_phix_tag_index,study_accession_number,study_alignments_in_bam,study_contains_nonconsented_human,study_contains_nonconsented_xahuman,study_description,study_id,study_name,study_reference_genome,study_separate_y_chromosome_data,study_title,tag_index,
51647199,5556STDY10782407,,AGATGAAC,ACCGTTCC,,Standard,AGATGAAC,ACCGTTCC,xxx@sanger.ac.uk,,xxx@sanger.ac.uk xxx@sanger.ac.uk,xxx@sanger.ac.uk xxx@sanger.ac.uk,,0,0,66910423,0,51647199,,562,S4360,,,standard,1,,from:450 to:450,,,Escherichia coli,0,,,5556STDY10782407,6231505,0,5556STDY10782407,,,EcoliNew2,,,1,0,0,DNA Pipelines Test Study,5556,DNAP Test Study,Escherichia_coli (B_strain),0,DNAP Test Study,1,
51647223,5556STDY10782409,,CTCATATG,TAAAGGCT,,Standard,CTCATATG,TAAAGGCT,xxx@sanger.ac.uk,,xxx@sanger.ac.uk xxx@sanger.ac.uk,xxx@sanger.ac.uk xxx@sanger.ac.uk,,0,0,66910423,0,51647223,,562,S4360,,,standard,1,,from:450 to:450,,,Escherichia coli,0,,,5556STDY10782409,6231507,0,5556STDY10782409,,,EcoliNew4,,,1,0,0,DNA Pipelines Test Study,5556,DNAP Test Study,Escherichia_coli (B_strain) [bwa_mem2],0,DNAP Test Study,2,
51647212,5556STDY10782416,,GTCAATAA,CTAAATGG,,Standard,GTCAATAA,CTAAATGG,xxx@sanger.ac.uk,,xxx@sanger.ac.uk xxx@sanger.ac.uk,xxx@sanger.ac.uk xxx@sanger.ac.uk,,0,0,66910423,0,51647212,,562,S4360,,,standard,1,,from:450 to:450,,,Escherichia coli,0,,,5556STDY10782416,6231514,0,5556STDY10782416,,,EcoliNew7,,,1,0,0,DNA Pipelines Test Study,5556,DNAP Test Study,Escherichia_coli (B_strain) [bwa-mem2],0,DNAP Test Study,3,
51647236,5556STDY10782418,,TTCCTGGG,CATGTACA,,Standard,TTCCTGGG,CATGTACA,xxx@sanger.ac.uk,,xxx@sanger.ac.uk xxx@sanger.ac.uk,xxx@sanger.ac.uk xxx@sanger.ac.uk,,0,0,66910423,0,51647236,,562,S4360,,,standard,1,,from:450 to:450,,,Escherichia coli,0,,,5556STDY10782418,6231516,0,5556STDY10782418,,,EcoliOld5,,,1,0,0,DNA Pipelines Test Study,5556,DNAP Test Study,Escherichia_coli (B_strain) [bwa_mem2],0,DNAP Test Study,4,
51647260,5556STDY10782420,,CTCCAGGC,GCATGATA,,Standard,CTCCAGGC,GCATGATA,xxx@sanger.ac.uk,,xxx@sanger.ac.uk xxx@sanger.ac.uk,xxx@sanger.ac.uk xxx@sanger.ac.uk,,0,0,66910423,0,51647260,,562,S4360,,,standard,1,,from:450 to:450,,,Escherichia coli,0,,,5556STDY10782420,6231518,0,5556STDY10782420,,,EcoliOld7,,,1,0,0,DNA Pipelines Test Study,5556,DNAP Test Study,Escherichia_coli (B_strain) [bwa_mem2],0,DNAP Test Study,5,
51647201,5556STDY10782423,,TCCTATCT,TCCGACTT,,Standard,TCCTATCT,TCCGACTT,xxx@sanger.ac.uk,,xxx@sanger.ac.uk xxx@sanger.ac.uk,xxx@sanger.ac.uk xxx@sanger.ac.uk,,0,0,66910423,0,51647201,,562,S4360,,,standard,1,,from:450 to:450,,,Escherichia coli,0,,,5556STDY10782423,6231521,0,5556STDY10782423,,,EcoliNew10,,,1,0,0,DNA Pipelines Test Study,5556,DNAP Test Study,Escherichia_coli (B_strain) [bwa_mem2],0,DNAP Test Study,6,
51647225,5556STDY10782425,,TACGGTAG,TCGATCCA,,Standard,TACGGTAG,TCGATCCA,xxx@sanger.ac.uk,,xxx@sanger.ac.uk xxx@sanger.ac.uk,xxx@sanger.ac.uk xxx@sanger.ac.uk,,0,0,66910423,0,51647225,,562,S4360,,,standard,1,,from:450 to:450,,,Escherichia coli,0,,,5556STDY10782425,6231523,0,5556STDY10782425,,,EcoliNew12,,,1,0,0,DNA Pipelines Test Study,5556,DNAP Test Study,Escherichia_coli (B_strain) [minimap2],0,DNAP Test Study,7,
51647249,5556STDY10782427,,TGGGTTTG,ATGGTTTA,,Standard,TGGGTTTG,ATGGTTTA,xxx@sanger.ac.uk,,xxx@sanger.ac.uk xxx@sanger.ac.uk,xxx@sanger.ac.uk xxx@sanger.ac.uk,,0,0,66910423,0,51647249,,562,S4360,,,standard,1,,from:450 to:450,,,Escherichia coli,0,,,5556STDY10782427,6231525,0,5556STDY10782427,,,EcoliOld10,,,1,0,0,DNA Pipelines Test Study,5556,DNAP Test Study,Escherichia_coli (B_strain) [bwa_mem2],0,DNAP Test Study,8,
51647238,5556STDY10782434,,CGCGATAG,ATAGGTCC,,Standard,CGCGATAG,ATAGGTCC,xxx@sanger.ac.uk,,xxx@sanger.ac.uk xxx@sanger.ac.uk,xxx@sanger.ac.uk xxx@sanger.ac.uk,,0,0,66910423,0,51647238,,562,S4360,,,standard,1,,from:450 to:450,,,Escherichia coli,0,,,5556STDY10782434,6231532,0,5556STDY10782434,,,EcoliOld13,,,1,0,0,DNA Pipelines Test Study,5556,DNAP Test Study,Escherichia_coli (B_strain) [bwa_mem2],0,DNAP Test Study,9,
51647262,5556STDY10782436,,GTTTCCGC,TTCCACCA,,Standard,GTTTCCGC,TTCCACCA,xxx@sanger.ac.uk,,xxx@sanger.ac.uk xxx@sanger.ac.uk,xxx@sanger.ac.uk xxx@sanger.ac.uk,,0,0,66910423,0,51647262,,562,S4360,,,standard,1,,from:450 to:450,,,Escherichia coli,0,,,5556STDY10782436,6231534,0,5556STDY10782436,,,EcoliOld15,,,1,0,0,DNA Pipelines Test Study,5556,DNAP Test Study,Escherichia_coli (B_strain) [bwa_mem2],0,DNAP Test Study,10,
51647203,5556STDY10782439,,ACGTTTGC,ATCTGAAG,,Standard,ACGTTTGC,ATCTGAAG,xxx@sanger.ac.uk,,xxx@sanger.ac.uk xxx@sanger.ac.uk,xxx@sanger.ac.uk xxx@sanger.ac.uk,,0,0,66910423,0,51647203,,562,S4360,,,standard,1,,from:450 to:450,,,Escherichia coli,0,,,5556STDY10782439,6231537,0,5556STDY10782439,,,EcoliNew18,,,1,0,0,DNA Pipelines Test Study,5556,DNAP Test Study,Escherichia_coli (B_strain) [bwa_mem2],0,DNAP Test Study,11,
51647227,5556STDY10782441,,GTCGTTTA,CGATTGAA,,Standard,GTCGTTTA,CGATTGAA,xxx@sanger.ac.uk,,xxx@sanger.ac.uk xxx@sanger.ac.uk,xxx@sanger.ac.uk xxx@sanger.ac.uk,,0,0,66910423,0,51647227,,562,S4360,,,standard,1,,from:450 to:450,,,Escherichia coli,0,,,5556STDY10782441,6231539,0,5556STDY10782441,,,EcoliNew20,,,1,0,0,DNA Pipelines Test Study,5556,DNAP Test Study,Escherichia_coli (B_strain) [bwa_mem2],0,DNAP Test Study,12,
51647216,5556STDY10782448,,GCCTTTGT,TACTAAAC,,Standard,GCCTTTGT,TACTAAAC,xxx@sanger.ac.uk,,xxx@sanger.ac.uk xxx@sanger.ac.uk,xxx@sanger.ac.uk xxx@sanger.ac.uk,,0,0,66910423,0,51647216,,562,S4360,,,standard,1,,from:450 to:450,,,Escherichia coli,0,,,5556STDY10782448,6231546,0,5556STDY10782448,,,EcoliNew23,,,1,0,0,DNA Pipelines Test Study,5556,DNAP Test Study,Escherichia_coli (B_strain) [bwa_mem2],0,DNAP Test Study,13,
51647240,5556STDY10782450,,GCGGGTTA,TCGCCCGA,,Standard,GCGGGTTA,TCGCCCGA,xxx@sanger.ac.uk,,xxx@sanger.ac.uk xxx@sanger.ac.uk,xxx@sanger.ac.uk xxx@sanger.ac.uk,,0,0,66910423,0,51647240,,562,S4360,,,standard,1,,from:450 to:450,,,Escherichia coli,0,,,5556STDY10782450,6231548,0,5556STDY10782450,,,EcoliOld21,,,1,0,0,DNA Pipelines Test Study,5556,DNAP Test Study,Escherichia_coli (B_strain) [bwa_mem2],0,DNAP Test Study,14,
51647264,5556STDY10782452,,GGCCGTTG,TAATTCCT,,Standard,GGCCGTTG,TAATTCCT,xxx@sanger.ac.uk,,xxx@sanger.ac.uk xxx@sanger.ac.uk,xxx@sanger.ac.uk xxx@sanger.ac.uk,,0,0,66910423,0,51647264,,562,S4360,,,standard,1,,from:450 to:450,,,Escherichia coli,0,,,5556STDY10782452,6231550,0,5556STDY10782452,,,EcoliOld23,,,1,0,0,DNA Pipelines Test Study,5556,DNAP Test Study,Escherichia_coli (B_strain) [bwa_mem2],0,DNAP Test Study,15,
51647205,5556STDY10782455,,GTCCGGTA,CCCTATAC,,Standard,GTCCGGTA,CCCTATAC,xxx@sanger.ac.uk,,xxx@sanger.ac.uk xxx@sanger.ac.uk,xxx@sanger.ac.uk xxx@sanger.ac.uk,,0,0,66910423,0,51647205,,562,S4360,,,standard,1,,from:450 to:450,,,Escherichia coli,0,,,5556STDY10782455,6231553,0,5556STDY10782455,,,EcoliNew26,,,1,0,0,DNA Pipelines Test Study,5556,DNAP Test Study,Escherichia_coli (B_strain) [bwa_mem2],0,DNAP Test Study,16,
51647229,5556STDY10782457,,TTCGGGAT,ATGTAAGG,,Standard,TTCGGGAT,ATGTAAGG,xxx@sanger.ac.uk,,xxx@sanger.ac.uk xxx@sanger.ac.uk,xxx@sanger.ac.uk xxx@sanger.ac.uk,,0,0,66910423,0,51647229,,562,S4360,,,standard,1,,from:450 to:450,,,Escherichia coli,0,,,5556STDY10782457,6231555,0,5556STDY10782457,,,EcoliNew28,,,1,0,0,DNA Pipelines Test Study,5556,DNAP Test Study,Escherichia_coli (B_strain) [bwa_mem2],0,DNAP Test Study,17,
51647253,5556STDY10782459,,AACGGTGA,CGATTAGT,,Standard,AACGGTGA,CGATTAGT,xxx@sanger.ac.uk,,xxx@sanger.ac.uk xxx@sanger.ac.uk,xxx@sanger.ac.uk xxx@sanger.ac.uk,,0,0,66910423,0,51647253,,562,S4360,,,standard,1,,from:450 to:450,,,Escherichia coli,0,,,5556STDY10782459,6231557,0,5556STDY10782459,,,EcoliOld26,,,1,0,0,DNA Pipelines Test Study,5556,DNAP Test Study,Escherichia_coli (B_strain) [bwa_mem2],0,DNAP Test Study,18,
51647242,5556STDY10782466,,TGTGGAAG,CCTGGAAA,,Standard,TGTGGAAG,CCTGGAAA,xxx@sanger.ac.uk,,xxx@sanger.ac.uk xxx@sanger.ac.uk,xxx@sanger.ac.uk xxx@sanger.ac.uk,,0,0,66910423,0,51647242,,562,S4360,,,standard,1,,from:450 to:450,,,Escherichia coli,0,,,5556STDY10782466,6231564,0,5556STDY10782466,,,EcoliOld29,,,1,0,0,DNA Pipelines Test Study,5556,DNAP Test Study,Escherichia_coli (B_strain) [bwa_mem2],0,DNAP Test Study,19,
51647266,5556STDY10782468,,TTAAGGGC,CGGTATCA,,Standard,TTAAGGGC,CGGTATCA,xxx@sanger.ac.uk,,xxx@sanger.ac.uk xxx@sanger.ac.uk,xxx@sanger.ac.uk xxx@sanger.ac.uk,,0,0,66910423,0,51647266,,562,S4360,,,standard,1,,from:450 to:450,,,Escherichia coli,0,,,5556STDY10782468,6231566,0,5556STDY10782468,,,EcoliOld31,,,1,0,0,DNA Pipelines Test Study,5556,DNAP Test Study,Escherichia_coli (B_strain) [bwa_mem2],0,DNAP Test Study,20,
51647207,5556STDY10782471,,GGCCTGGC,TTGCAATC,,Standard,GGCCTGGC,TTGCAATC,xxx@sanger.ac.uk,,xxx@sanger.ac.uk xxx@sanger.ac.uk,xxx@sanger.ac.uk xxx@sanger.ac.uk,,0,0,66910423,0,51647207,,562,S4360,,,standard,1,,from:450 to:450,,,Escherichia coli,0,,,5556STDY10782471,6231569,0,5556STDY10782471,,,EcoliNew34,,,1,0,0,DNA Pipelines Test Study,5556,DNAP Test Study,Escherichia_coli (B_strain) [bwa_mem2],0,DNAP Test Study,21,
51647231,5556STDY10782473,,ACTCGAAA,CACGCGAC,,Standard,ACTCGAAA,CACGCGAC,xxx@sanger.ac.uk,,xxx@sanger.ac.uk xxx@sanger.ac.uk,xxx@sanger.ac.uk xxx@sanger.ac.uk,,0,0,66910423,0,51647231,,562,S4360,,,standard,1,,from:450 to:450,,,Escherichia coli,0,,,5556STDY10782473,6231571,0,5556STDY10782473,,,EcoliNew36,,,1,0,0,DNA Pipelines Test Study,5556,DNAP Test Study,Escherichia_coli (B_strain) [bwa_mem2],0,DNAP Test Study,22,
51647220,5556STDY10782480,,ACGTAACA,ACATTCTA,,Standard,ACGTAACA,ACATTCTA,xxx@sanger.ac.uk,,xxx@sanger.ac.uk xxx@sanger.ac.uk,xxx@sanger.ac.uk xxx@sanger.ac.uk,,0,0,66910423,0,51647220,,562,S4360,,,standard,1,,from:450 to:450,,,Escherichia coli,0,,,5556STDY10782480,6231578,0,5556STDY10782480,,,EcoliNew39,,,1,0,0,DNA Pipelines Test Study,5556,DNAP Test Study,Escherichia_coli (B_strain) [bwa_mem2],0,DNAP Test Study,23,
51647244,5556STDY10782482,,GTGACCTA,ATAGCGTT,,Standard,GTGACCTA,ATAGCGTT,xxx@sanger.ac.uk,,xxx@sanger.ac.uk xxx@sanger.ac.uk,xxx@sanger.ac.uk xxx@sanger.ac.uk,,0,0,66910423,0,51647244,,562,S4360,,,standard,1,,from:450 to:450,,,Escherichia coli,0,,,5556STDY10782482,6231580,0,5556STDY10782482,,,EcoliOld37,,,1,0,0,DNA Pipelines Test Study,5556,DNAP Test Study,Escherichia_coli (B_strain) [bwa_mem2],0,DNAP Test Study,24,
51647268,5556STDY10782484,,GTGCAGGG,AGTCTGCC,,Standard,GTGCAGGG,AGTCTGCC,xxx@sanger.ac.uk,,xxx@sanger.ac.uk xxx@sanger.ac.uk,xxx@sanger.ac.uk xxx@sanger.ac.uk,,0,0,66910423,0,51647268,,562,S4360,,,standard,1,,from:450 to:450,,,Escherichia coli,0,,,5556STDY10782484,6231582,0,5556STDY10782484,,,EcoliOld39,,,1,0,0,DNA Pipelines Test Study,5556,DNAP Test Study,Escherichia_coli (B_strain) [bwa_mem2],0,DNAP Test Study,25,
51647209,5556STDY10782487,,TCACAACA,GAGCTAAA,,Standard,TCACAACA,GAGCTAAA,xxx@sanger.ac.uk,,xxx@sanger.ac.uk xxx@sanger.ac.uk,xxx@sanger.ac.uk xxx@sanger.ac.uk,,0,0,66910423,0,51647209,,562,S4360,,,standard,1,,from:450 to:450,,,Escherichia coli,0,,,5556STDY10782487,6231585,0,5556STDY10782487,,,EcoliNew42,,,1,0,0,DNA Pipelines Test Study,5556,DNAP Test Study,Escherichia_coli (B_strain) [bwa_mem2],0,DNAP Test Study,26,
51647233,5556STDY10782489,,CGATAGGC,TTTCATTT,,Standard,CGATAGGC,TTTCATTT,xxx@sanger.ac.uk,,xxx@sanger.ac.uk xxx@sanger.ac.uk,xxx@sanger.ac.uk xxx@sanger.ac.uk,,0,0,66910423,0,51647233,,562,S4360,,,standard,1,,from:450 to:450,,,Escherichia coli,0,,,5556STDY10782489,6231587,0,5556STDY10782489,,,EcoliNew44,,,1,0,0,DNA Pipelines Test Study,5556,DNAP Test Study,Escherichia_coli (B_strain) [bwa_mem2],0,DNAP Test Study,27,
51647257,5556STDY10782491,,TTCTTTGA,GAAGCACA,,Standard,TTCTTTGA,GAAGCACA,xxx@sanger.ac.uk,,xxx@sanger.ac.uk xxx@sanger.ac.uk,xxx@sanger.ac.uk xxx@sanger.ac.uk,,0,0,66910423,0,51647257,,562,S4360,,,standard,1,,from:450 to:450,,,Escherichia coli,0,,,5556STDY10782491,6231589,0,5556STDY10782491,,,EcoliOld42,,,1,0,0,DNA Pipelines Test Study,5556,DNAP Test Study,Escherichia_coli (B_strain) [bwa_mem2],0,DNAP Test Study,28,
51647246,5556STDY10782498,,TTAAACAT,ACTTTAGG,,Standard,TTAAACAT,ACTTTAGG,xxx@sanger.ac.uk,,xxx@sanger.ac.uk xxx@sanger.ac.uk,xxx@sanger.ac.uk xxx@sanger.ac.uk,,0,0,66910423,0,51647246,,562,S4360,,,standard,1,,from:450 to:450,,,Escherichia coli,0,,,5556STDY10782498,6231596,0,5556STDY10782498,,,EcoliOld45,,,1,0,0,DNA Pipelines Test Study,5556,DNAP Test Study,Escherichia_coli (B_strain) [bwa_mem2],0,DNAP Test Study,29,
51647270,5556STDY10782500,,GCAGCAGT,CCCTGCTG,,Standard,GCAGCAGT,CCCTGCTG,xxx@sanger.ac.uk,,xxx@sanger.ac.uk xxx@sanger.ac.uk,xxx@sanger.ac.uk xxx@sanger.ac.uk,,0,0,66910423,0,51647270,,562,S4360,,,standard,1,,from:450 to:450,,,Escherichia coli,0,,,5556STDY10782500,6231598,0,5556STDY10782500,,,EcoliOld47,,,1,0,0,DNA Pipelines Test Study,5556,DNAP Test Study,Escherichia_coli (B_strain) [bwa_mem2],0,DNAP Test Study,30,
