[Data],,,,,,,,,,,,,,,,,,,,,,,,,,,,,,,,,,,,,,,,,,,,,,,,,,,
Lane,Sample_ID,Sample_Name,GenomeFolder,Index,Index2,bait_name,default_library_type,default_tag_sequence,default_tagtwo_sequence,email_addresses,email_addresses_of_followers,email_addresses_of_managers,email_addresses_of_owners,gbs_plex_name,is_control,is_pool,lane_id,lane_priority,library_name,organism,organism_taxon_id,project_cost_code,project_id,project_name,purpose,qc_state,request_id,required_insert_size_range,sample_accession_number,sample_cohort,sample_common_name,sample_consent_withdrawn,sample_description,sample_donor_id,sample_id,sample_name,sample_public_name,sample_reference_genome,sample_supplier_name,spiked_phix_tag_index,study_accession_number,study_alignments_in_bam,study_contains_nonconsented_human,study_contains_nonconsented_xahuman,study_description,study_id,study_name,study_reference_genome,study_separate_y_chromosome_data,study_title,tag_index,
1,22705454,5290STDY7575133,,AACACATA,AATTCTAA,,HiSeqX PCR free,AACACATA,AATTCTAA,dr5@sanger.ac.uk la8@sanger.ac.uk,dr5@sanger.ac.uk,la8@sanger.ac.uk,la8@sanger.ac.uk,,0,0,22706626,0,22705454,,9606,S0910,,,standard,,,from:10 to:1200,,,Human,0,,5290STDY7575133,3793830,5290STDY7575133,,,HG00614_1_9uM,888,,1,0,0,NovaSeq dev work in Ops,5290,NovaSeq R%26D,Homo_sapiens (GRCh38_15_plus_hs38d1) %5Bminimap2%5D,0,NovaSeq R%26D ,1,
1,22705455,5290STDY7575134,,TGGTGTCT,TTCATCTG,,HiSeqX PCR free,TGGTGTCT,TTCATCTG,dr5@sanger.ac.uk la8@sanger.ac.uk,dr5@sanger.ac.uk,la8@sanger.ac.uk,la8@sanger.ac.uk,,0,0,22706626,0,22705455,,9606,S0910,,,standard,,,from:10 to:1200,,,Human,0,,5290STDY7575134,3793831,5290STDY7575134,,,HG00683_1_25uM,888,,1,0,0,NovaSeq dev work in Ops,5290,NovaSeq R%26D,Homo_sapiens (GRCh38_15_plus_hs38d1) %5Bminimap2%5D,0,NovaSeq R%26D ,2,
1,22705456,5290STDY7575135,,ACACTAAC,ACAGTGAA,,HiSeqX PCR free,ACACTAAC,ACAGTGAA,dr5@sanger.ac.uk la8@sanger.ac.uk,dr5@sanger.ac.uk,la8@sanger.ac.uk,la8@sanger.ac.uk,,0,0,22706626,0,22705456,,9606,S0910,,,standard,,,from:10 to:1200,,,Human,0,,5290STDY7575135,3793832,5290STDY7575135,,,NA19240_F12_25uM,888,,1,0,0,NovaSeq dev work in Ops,5290,NovaSeq R%26D,Homo_sapiens (GRCh38_15_plus_hs38d1) %5Bminimap2%5D,0,NovaSeq R%26D ,3,
1,22705457,5290STDY7575136,,TTGTGTTC,AGATGTGA,,HiSeqX PCR free,TTGTGTTC,AGATGTGA,dr5@sanger.ac.uk la8@sanger.ac.uk,dr5@sanger.ac.uk,la8@sanger.ac.uk,la8@sanger.ac.uk,,0,0,22706626,0,22705457,,9606,S0910,,,standard,,,from:10 to:1200,,,Human,0,,5290STDY7575136,3793833,5290STDY7575136,,,NA12892_E4_25uM,888,,1,0,0,NovaSeq dev work in Ops,5290,NovaSeq R%26D,Homo_sapiens (GRCh38_15_plus_hs38d1) %5Bminimap2%5D,0,NovaSeq R%26D ,4,
1,22705458,5290STDY7575137,,ACACACCT,GGCAACTG,,HiSeqX PCR free,ACACACCT,GGCAACTG,dr5@sanger.ac.uk la8@sanger.ac.uk,dr5@sanger.ac.uk,la8@sanger.ac.uk,la8@sanger.ac.uk,,0,0,22706626,0,22705458,,9606,S0910,,,standard,,,from:10 to:1200,,,Human,0,,5290STDY7575137,3793834,5290STDY7575137,,,NA12878_N7_25uM,888,,1,0,0,NovaSeq dev work in Ops,5290,NovaSeq R%26D,Homo_sapiens (GRCh38_15_plus_hs38d1) %5Bminimap2%5D,0,NovaSeq R%26D ,5,
1,22705459,5290STDY7575138,,GGTGTCCG,CAGCGTCT,,HiSeqX PCR free,GGTGTCCG,CAGCGTCT,dr5@sanger.ac.uk la8@sanger.ac.uk,dr5@sanger.ac.uk,la8@sanger.ac.uk,la8@sanger.ac.uk,,0,0,22706626,0,22705459,,9606,S0910,,,standard,,,from:10 to:1200,,,Human,0,,5290STDY7575138,3793835,5290STDY7575138,,,NA19238_E2_25uM,888,,1,0,0,NovaSeq dev work in Ops,5290,NovaSeq R%26D,Homo_sapiens (GRCh38_15_plus_hs38d1) %5Bminimap2%5D,0,NovaSeq R%26D ,6,
1,22705460,5290STDY7575139,,ACACATTC,CTGTCGGT,,HiSeqX PCR free,ACACATTC,CTGTCGGT,dr5@sanger.ac.uk la8@sanger.ac.uk,dr5@sanger.ac.uk,la8@sanger.ac.uk,la8@sanger.ac.uk,,0,0,22706626,0,22705460,,9606,S0910,,,standard,,,from:10 to:1200,,,Human,0,,5290STDY7575139,3793836,5290STDY7575139,,,NA12891_F1_25uM,888,,1,0,0,NovaSeq dev work in Ops,5290,NovaSeq R%26D,Homo_sapiens (GRCh38_15_plus_hs38d1) %5Bminimap2%5D,0,NovaSeq R%26D ,7,
1,22705461,5290STDY7575140,,TTGCTTAA,TCGGCGTT,,HiSeqX PCR free,TTGCTTAA,TCGGCGTT,dr5@sanger.ac.uk la8@sanger.ac.uk,dr5@sanger.ac.uk,la8@sanger.ac.uk,la8@sanger.ac.uk,,0,0,22706626,0,22705461,,9606,S0910,,,standard,,,from:10 to:1200,,,Human,0,,5290STDY7575140,3793837,5290STDY7575140,,,NA19239_C1_25uM,888,,1,0,0,NovaSeq dev work in Ops,5290,NovaSeq R%26D,Homo_sapiens (GRCh38_15_plus_hs38d1) %5Bminimap2%5D,0,NovaSeq R%26D ,8,
1,22705462,5290STDY7575141,,ACAGCCTT,CACACGCG,,HiSeqX PCR free,ACAGCCTT,CACACGCG,dr5@sanger.ac.uk la8@sanger.ac.uk,dr5@sanger.ac.uk,la8@sanger.ac.uk,la8@sanger.ac.uk,,0,0,22706626,0,22705462,,9606,S0910,,,standard,,,from:10 to:1200,,,Human,0,,5290STDY7575141,3793838,5290STDY7575141,,,HG00614_1_25uM,888,,1,0,0,NovaSeq dev work in Ops,5290,NovaSeq R%26D,Homo_sapiens (GRCh38_15_plus_hs38d1) %5Bminimap2%5D,0,NovaSeq R%26D ,9,
1,22705463,5290STDY7575142,,TTGCAGTA,AGCCAACA,,HiSeqX PCR free,TTGCAGTA,AGCCAACA,dr5@sanger.ac.uk la8@sanger.ac.uk,dr5@sanger.ac.uk,la8@sanger.ac.uk,la8@sanger.ac.uk,,0,0,22706626,0,22705463,,9606,S0910,,,standard,,,from:10 to:1200,,,Human,0,,5290STDY7575142,3793839,5290STDY7575142,,,HG00683_1_25uM,888,,1,0,0,NovaSeq dev work in Ops,5290,NovaSeq R%26D,Homo_sapiens (GRCh38_15_plus_hs38d1) %5Bminimap2%5D,0,NovaSeq R%26D ,10,
1,22705464,5290STDY7575143,,ACAGGCAG,AGCAAGTT,,HiSeqX PCR free,ACAGGCAG,AGCAAGTT,dr5@sanger.ac.uk la8@sanger.ac.uk,dr5@sanger.ac.uk,la8@sanger.ac.uk,la8@sanger.ac.uk,,0,0,22706626,0,22705464,,9606,S0910,,,standard,,,from:10 to:1200,,,Human,0,,5290STDY7575143,3793840,5290STDY7575143,,,NA19240_F12_25uM,888,,1,0,0,NovaSeq dev work in Ops,5290,NovaSeq R%26D,Homo_sapiens (GRCh38_15_plus_hs38d1) %5Bminimap2%5D,0,NovaSeq R%26D ,11,
1,22705465,5290STDY7575144,,TTGCCATC,ACGCGTCA,,HiSeqX PCR free,TTGCCATC,ACGCGTCA,dr5@sanger.ac.uk la8@sanger.ac.uk,dr5@sanger.ac.uk,la8@sanger.ac.uk,la8@sanger.ac.uk,,0,0,22706626,0,22705465,,9606,S0910,,,standard,,,from:10 to:1200,,,Human,0,,5290STDY7575144,3793841,5290STDY7575144,,,NA12892_E4_25uM,888,,1,0,0,NovaSeq dev work in Ops,5290,NovaSeq R%26D,Homo_sapiens (GRCh38_15_plus_hs38d1) %5Bminimap2%5D,0,NovaSeq R%26D ,12,
1,21210572,phiX_for_spiked_buffers,,ACAACGCAATC,,,,ACAACGCAATC,,,,,,,1,0,22706626,0,21210572,,10847,,,,standard,,,,,,,0,,,1255141,phiX_for_spiked_buffers,,PhiX (Sanger-SNPs),,888,,1,0,0,None,198,Illumina Controls, ,0,,888,
2,22705454,5290STDY7575133,,AACACATA,AATTCTAA,,HiSeqX PCR free,AACACATA,AATTCTAA,dr5@sanger.ac.uk la8@sanger.ac.uk,dr5@sanger.ac.uk,la8@sanger.ac.uk,la8@sanger.ac.uk,,0,0,22706627,0,22705454,,9606,S0910,,,standard,,,from:10 to:1200,,,Human,0,,5290STDY7575133,3793830,5290STDY7575133,,,HG00614_1_9uM,888,,1,0,0,NovaSeq dev work in Ops,5290,NovaSeq R%26D,Homo_sapiens (GRCh38_15_plus_hs38d1) %5Bminimap2%5D,0,NovaSeq R%26D ,1,
2,22705455,5290STDY7575134,,TGGTGTCT,TTCATCTG,,HiSeqX PCR free,TGGTGTCT,TTCATCTG,dr5@sanger.ac.uk la8@sanger.ac.uk,dr5@sanger.ac.uk,la8@sanger.ac.uk,la8@sanger.ac.uk,,0,0,22706627,0,22705455,,9606,S0910,,,standard,,,from:10 to:1200,,,Human,0,,5290STDY7575134,3793831,5290STDY7575134,,,HG00683_1_25uM,888,,1,0,0,NovaSeq dev work in Ops,5290,NovaSeq R%26D,Homo_sapiens (GRCh38_15_plus_hs38d1) %5Bminimap2%5D,0,NovaSeq R%26D ,2,
2,22705456,5290STDY7575135,,ACACTAAC,ACAGTGAA,,HiSeqX PCR free,ACACTAAC,ACAGTGAA,dr5@sanger.ac.uk la8@sanger.ac.uk,dr5@sanger.ac.uk,la8@sanger.ac.uk,la8@sanger.ac.uk,,0,0,22706627,0,22705456,,9606,S0910,,,standard,,,from:10 to:1200,,,Human,0,,5290STDY7575135,3793832,5290STDY7575135,,,NA19240_F12_25uM,888,,1,0,0,NovaSeq dev work in Ops,5290,NovaSeq R%26D,Homo_sapiens (GRCh38_15_plus_hs38d1) %5Bminimap2%5D,0,NovaSeq R%26D ,3,
2,22705457,5290STDY7575136,,TTGTGTTC,AGATGTGA,,HiSeqX PCR free,TTGTGTTC,AGATGTGA,dr5@sanger.ac.uk la8@sanger.ac.uk,dr5@sanger.ac.uk,la8@sanger.ac.uk,la8@sanger.ac.uk,,0,0,22706627,0,22705457,,9606,S0910,,,standard,,,from:10 to:1200,,,Human,0,,5290STDY7575136,3793833,5290STDY7575136,,,NA12892_E4_25uM,888,,1,0,0,NovaSeq dev work in Ops,5290,NovaSeq R%26D,Homo_sapiens (GRCh38_15_plus_hs38d1) %5Bminimap2%5D,0,NovaSeq R%26D ,4,
2,22705458,5290STDY7575137,,ACACACCT,GGCAACTG,,HiSeqX PCR free,ACACACCT,GGCAACTG,dr5@sanger.ac.uk la8@sanger.ac.uk,dr5@sanger.ac.uk,la8@sanger.ac.uk,la8@sanger.ac.uk,,0,0,22706627,0,22705458,,9606,S0910,,,standard,,,from:10 to:1200,,,Human,0,,5290STDY7575137,3793834,5290STDY7575137,,,NA12878_N7_25uM,888,,1,0,0,NovaSeq dev work in Ops,5290,NovaSeq R%26D,Homo_sapiens (GRCh38_15_plus_hs38d1) %5Bminimap2%5D,0,NovaSeq R%26D ,5,
2,22705459,5290STDY7575138,,GGTGTCCG,CAGCGTCT,,HiSeqX PCR free,GGTGTCCG,CAGCGTCT,dr5@sanger.ac.uk la8@sanger.ac.uk,dr5@sanger.ac.uk,la8@sanger.ac.uk,la8@sanger.ac.uk,,0,0,22706627,0,22705459,,9606,S0910,,,standard,,,from:10 to:1200,,,Human,0,,5290STDY7575138,3793835,5290STDY7575138,,,NA19238_E2_25uM,888,,1,0,0,NovaSeq dev work in Ops,5290,NovaSeq R%26D,Homo_sapiens (GRCh38_15_plus_hs38d1) %5Bminimap2%5D,0,NovaSeq R%26D ,6,
2,22705460,5290STDY7575139,,ACACATTC,CTGTCGGT,,HiSeqX PCR free,ACACATTC,CTGTCGGT,dr5@sanger.ac.uk la8@sanger.ac.uk,dr5@sanger.ac.uk,la8@sanger.ac.uk,la8@sanger.ac.uk,,0,0,22706627,0,22705460,,9606,S0910,,,standard,,,from:10 to:1200,,,Human,0,,5290STDY7575139,3793836,5290STDY7575139,,,NA12891_F1_25uM,888,,1,0,0,NovaSeq dev work in Ops,5290,NovaSeq R%26D,Homo_sapiens (GRCh38_15_plus_hs38d1) %5Bminimap2%5D,0,NovaSeq R%26D ,7,
2,22705461,5290STDY7575140,,TTGCTTAA,TCGGCGTT,,HiSeqX PCR free,TTGCTTAA,TCGGCGTT,dr5@sanger.ac.uk la8@sanger.ac.uk,dr5@sanger.ac.uk,la8@sanger.ac.uk,la8@sanger.ac.uk,,0,0,22706627,0,22705461,,9606,S0910,,,standard,,,from:10 to:1200,,,Human,0,,5290STDY7575140,3793837,5290STDY7575140,,,NA19239_C1_25uM,888,,1,0,0,NovaSeq dev work in Ops,5290,NovaSeq R%26D,Homo_sapiens (GRCh38_15_plus_hs38d1) %5Bminimap2%5D,0,NovaSeq R%26D ,8,
2,22705462,5290STDY7575141,,ACAGCCTT,CACACGCG,,HiSeqX PCR free,ACAGCCTT,CACACGCG,dr5@sanger.ac.uk la8@sanger.ac.uk,dr5@sanger.ac.uk,la8@sanger.ac.uk,la8@sanger.ac.uk,,0,0,22706627,0,22705462,,9606,S0910,,,standard,,,from:10 to:1200,,,Human,0,,5290STDY7575141,3793838,5290STDY7575141,,,HG00614_1_25uM,888,,1,0,0,NovaSeq dev work in Ops,5290,NovaSeq R%26D,Homo_sapiens (GRCh38_15_plus_hs38d1) %5Bminimap2%5D,0,NovaSeq R%26D ,9,
2,22705463,5290STDY7575142,,TTGCAGTA,AGCCAACA,,HiSeqX PCR free,TTGCAGTA,AGCCAACA,dr5@sanger.ac.uk la8@sanger.ac.uk,dr5@sanger.ac.uk,la8@sanger.ac.uk,la8@sanger.ac.uk,,0,0,22706627,0,22705463,,9606,S0910,,,standard,,,from:10 to:1200,,,Human,0,,5290STDY7575142,3793839,5290STDY7575142,,,HG00683_1_25uM,888,,1,0,0,NovaSeq dev work in Ops,5290,NovaSeq R%26D,Homo_sapiens (GRCh38_15_plus_hs38d1) %5Bminimap2%5D,0,NovaSeq R%26D ,10,
2,22705464,5290STDY7575143,,ACAGGCAG,AGCAAGTT,,HiSeqX PCR free,ACAGGCAG,AGCAAGTT,dr5@sanger.ac.uk la8@sanger.ac.uk,dr5@sanger.ac.uk,la8@sanger.ac.uk,la8@sanger.ac.uk,,0,0,22706627,0,22705464,,9606,S0910,,,standard,,,from:10 to:1200,,,Human,0,,5290STDY7575143,3793840,5290STDY7575143,,,NA19240_F12_25uM,888,,1,0,0,NovaSeq dev work in Ops,5290,NovaSeq R%26D,Homo_sapiens (GRCh38_15_plus_hs38d1) %5Bminimap2%5D,0,NovaSeq R%26D ,11,
2,22705465,5290STDY7575144,,TTGCCATC,ACGCGTCA,,HiSeqX PCR free,TTGCCATC,ACGCGTCA,dr5@sanger.ac.uk la8@sanger.ac.uk,dr5@sanger.ac.uk,la8@sanger.ac.uk,la8@sanger.ac.uk,,0,0,22706627,0,22705465,,9606,S0910,,,standard,,,from:10 to:1200,,,Human,0,,5290STDY7575144,3793841,5290STDY7575144,,,NA12892_E4_25uM,888,,1,0,0,NovaSeq dev work in Ops,5290,NovaSeq R%26D,Homo_sapiens (GRCh38_15_plus_hs38d1) %5Bminimap2%5D,0,NovaSeq R%26D ,12,
2,21210572,phiX_for_spiked_buffers,,ACAACGCAATC,,,,ACAACGCAATC,,,,,,,1,0,22706627,0,21210572,,10847,,,,standard,,,,,,,0,,,1255141,phiX_for_spiked_buffers,,PhiX (Sanger-SNPs),,888,,1,0,0,None,198,Illumina Controls, ,0,,888,
